FECHA_PUBLICACION,ENTIDAD,DISPOSITIVO,NUMERO,SUMILLA,FECHA_CORTE,ORIGEN
20171011,MUNICIPALIDAD DE SURQUILLO,ACUERDO,No 2412-2021,ACUERDO QUE ESTABLECE SOCIALES FITOSANITARIOS PRESUPUESTARIAS DOS DE MUNICIPALIDAD DE SURQUILLO,20220109,SINTETICO
20190127,RELACIONES EXTERIORES,RESOLUCION MINISTERIAL,No 0051/RE-2019,Nombran Director de la Oficina Desconcentrada del Ministerio en la ciudad de Piura departamento de Piura,20220331,REAL
20151003,CORTES SUPERIORES DE JUSTICIA,ORDENANZA,No 6480-2024,DISPONEN MAGISTRADO INFORMAL RESPECTO A LA CORTES SUPERIORES DE JUSTICIA,20240416,SINTETICO
20141001,SUPERINTENDENCIA NACIONAL DE SALUD,RESOLUCION MINISTERIAL,No 5147-2023-DISP,MODIFICAN MINEDU DESIGNANDOLO PATRIMONIO DE LA SUPERINTENDENCIA NACIONAL DE SALUD,20130728,SINTETICO
20200415,DESARROLLO E INCLUSION SOCIAL,RESOLUCION MINISTERIAL,No 068-2020-MIDIS,Designan Directora Ejecutiva del Programa Nacional de Apoyo Directo a los Mas Pobres JUNTOS,20220331,REAL
20160728,GOBIERNO REGIONAL DE TUMBES,ORDENANZA,No 008-2015-GOB.REG.TUMBES-CR,Aprueban la creacion del Consejo Consultivo Regional de Ninas Ninos y Adolescentes de la Region Tumbes,20220331,REAL
20241112,CONSEJO EJECUTIVO DEL PODER JUDICIAL,RESOLUCION,No 1461-2022-REPU,RESOLUCION QUE MODIFICA PLANO VERSION BARRERA FUNCIONES DE LA CONSEJO EJECUTIVO DEL PODER JUDICIAL,20241007,SINTETICO
20160330,MUNICIPALIDAD PROVINCIAL DE HUARAL,DECRETO SUPREMO,No 3982-2025,CREAN BIBLIOTECA DEPENDIENTE DESIGNAN EN EL AMBITO DE LA MUNICIPALIDAD PROVINCIAL DE HUARAL,20201202,SINTETICO
20200801,SUPERINTENDENCIA DE BANCA  SEGUROS Y ADMINISTRADORAS PRIVADAS DE FONDOS DE PENSIONES,RESOLUCION,No 1768-2020,Autorizan inscripcion de persona natural en el Registro de Intermediarios y Auxiliares de Seguros Empresas de Reaseguros del Exterior y Actividades de Seguros Transfronterizas,20220331,REAL
20150824,AMBIENTE,ORDENANZA,No 7748-2014,AUTORIZAN NORMAS ACTUACION MDS A LA AMBIENTE,20170603,SINTETICO
20160208,GOBIERNO REGIONAL DE PIURA,DECRETO SUPREMO,No 6543-2017,SE DESIGNA PLUVIALES ACEPTAN PARA LA GOBIERNO REGIONAL DE PIURA,20160404,SINTETICO
20180110,CORTES SUPERIORES DE JUSTICIA,RESOLUCION MINISTERIAL,No 2435-2021-FISC,DEJAN SIN EFECTO EDUCATIVOS SANCION DE LA CORTES SUPERIORES DE JUSTICIA,20250521,SINTETICO
20140910,MUNICIPALIDAD DE SANTA ROSA,RESOLUCION SUPREMA,No 2285-2020-MINI,APRUEBAN COMPENSACION COMISIONES FORMA DE LA MUNICIPALIDAD DE SANTA ROSA,20170124,SINTETICO
20160412,GOBIERNO REGIONAL DE LAMBAYEQUE,ORDENANZA,No 1608-2013,ORDENANZA QUE DEROGA MIXTA INDEPENDENCIA SOLUCION EMITIDO POR LA GOBIERNO REGIONAL DE LAMBAYEQUE,20150727,SINTETICO
20141225,"SUPERINTENDENCIA DE BANCA, SEGUROS Y ADMINISTRADORAS PRIVADAS DE FONDOS DE PENSIONES",RESOLUCION SUPREMA,No 7894-2017-NOMB,"RESOLUCION SUPREMA QUE REGULA PRESTACION VENEZUELA CONSTRUCCION A CARGO DE LA SUPERINTENDENCIA DE BANCA, SEGUROS Y ADM",20250916,SINTETICO
20151208,SALUD,RESOLUCION MINISTERIAL,No 0952-2025-DIRE,RESOLUCION MINISTERIAL No 5169 - SALUD - CAPACITACION SATIPO JURADO SOCIAL,20231205,SINTETICO
20210625,CULTURA,RESOLUCION DIRECTORAL,No 000222-2021-DGIA/MC,Rectifican el error material incurrido en el formulario que forma parte integrante de las Bases del Concurso Nacional de Desarrollo de Videojuegos - 2021 aprobados mediante Resolucion Directoral No 000125-2021-DGIA/MC,20220331,REAL
20150205,MUNICIPALIDAD DE LA MOLINA,RESOLUCION MINISTERIAL,No 4447-2022-DESI,CREAN EJECUTIVA REAJUSTE NACION BIBLIOTECA EN EL AMBITO DE LA MUNICIPALIDAD DE LA MOLINA,20251103,SINTETICO
20241030,PRODUCE,RESOLUCION DE ALCALDIA,No 4960-2018-OFIC,DEJAN SIN EFECTO INTERNACIONALES NINAS DE LA PRODUCE,20170805,SINTETICO
20230131,MINISTERIO PUBLICO,RESOLUCION MINISTERIAL,No 5345-2017-VIAJ,DISPONEN CIUDADANOS ORDENANZA CENTRAL RESPECTO A LA MINISTERIO PUBLICO,20190927,SINTETICO
20200918,CORTES SUPERIORES DE JUSTICIA,ORDENANZA,No 3191-2015,ORDENANZA No 9370 - CORTES SUPERIORES DE JUSTICIA - AUDIENCIAS SUSCRIPCION AUTORIZACIONES TITULARES,20190714,SINTETICO
20170228,EDUCACION,RESOLUCION DE ALCALDIA,No 6309-2015-DIST,DESIGNAN ECONOMIA JUEZ ARCHIVO TRANSFERENCIAS EN LA EDUCACION,20221019,SINTETICO
20230615,MUNICIPALIDAD PROVINCIAL DE MORROPON CHULUCANAS,ORDENANZA,No 009-2023-MPM-CH-A,Ordenanza Municipal que concede exoneracion de pago de pago de derechos para la celebracion de Matrimonios Masivos Comunitarios en el marco del aniversario de la provincia de Morropon - Chulucanas del ano 2023,20231231,REAL
20160418,CULTURA,RESOLUCION,No 5657-2018-NOMB,RESOLUCION QUE PRORROGA APELACION FORMULA BARRIDO ELECTRIFICACION DE CULTURA,20181111,SINTETICO
20230806,CONSEJO EJECUTIVO DEL PODER JUDICIAL,DECRETO SUPREMO,No 3631-2024,MODIFICAN EMPLEO MONEDA RECONVERSION ESCALA DE LA CONSEJO EJECUTIVO DEL PODER JUDICIAL,20220809,SINTETICO
20230829,MUNICIPALIDAD DE PUNTA HERMOSA,ORDENANZA,No 489-MDPH,Ordenanza que dispone medidas complementarias para la evaluacion de expedientes de obras privadas con informe tecnico favorable emitido por revisores urbanos,20231231,REAL
20220704,DEFENSA,DECRETO SUPREMO,No 2703-2014,CREAN ZONAL FUNCIONARIA EN EL AMBITO DE LA DEFENSA,20240205,SINTETICO
20180806,EDUCACION,RESOLUCION MINISTERIAL,No 4189-2024-SALU,DESIGNAN FUNDADA TEMPORADA TERRENO EN LA EDUCACION,20160228,SINTETICO
20230526,MINISTERIO PUBLICO,CIRCULAR,No 2155-2024,APRUEBAN MINAGRI INCENTIVO DE LA MINISTERIO PUBLICO,20210714,SINTETICO
20190629,MINISTERIO PUBLICO,RESOLUCION,No 7349-2015-COMO,RESOLUCION QUE REGULA LIBRE DESARROLLAR A CARGO DE LA MINISTERIO PUBLICO,20161121,SINTETICO
20151217,ECONOMIA Y FINANZAS,RESOLUCION DIRECTORAL,No 7610-2024-DECR,RESOLUCION DIRECTORAL QUE MODIFICA FISCALIZACION REFERENCIA ASIGNAN PREVISIONAL DE LA ECONOMIA Y FINANZAS,20211123,SINTETICO
20221209,MINISTERIO PUBLICO,RESOLUCION,No 2639-2022-MP-FN,Nombran Fiscal Adjunta Provincial Provisional del Distrito Fiscal de Lima Noroeste designandola en el Despacho de la Segunda Fiscalia Provincial Penal Corporativa de Santa Rosa,20221231,REAL
20140928,ORGANISMO SUPERVISOR DE LA INVERSION EN ENERGIA Y MINERIA,RESOLUCION,No 5086-2022-COMI,DEJAN SIN EFECTO EXCLUIR ORDEN PLIEGOS ROF DE LA ORGANISMO SUPERVISOR DE LA INVERSION EN ,20230108,SINTETICO
20160531,MINISTERIO PUBLICO,RESOLUCION MINISTERIAL,No 1898-2022-NOMB,RESOLUCION MINISTERIAL QUE ESTABLECE PROGRAMAS PATIVILCA ACTUALIZAN DEUDA EN MATERIA DE MINISTERIO PUBLICO,20161126,SINTETICO
20150712,CORTES SUPERIORES DE JUSTICIA,DECRETO SUPREMO,No 8209-2024,MODIFICAN DIVERSOS USO DE LA CORTES SUPERIORES DE JUSTICIA,20141008,SINTETICO
20180419,SUPERINTENDENCIA DE BANCA  SEGUROS Y ADMINISTRADORAS PRIVADAS DE FONDOS DE PENSIONES,RESOLUCION,No 8094-2020-ANO,DISPONEN PASANTIA MEDIDA ANTICORRUPCION BRIGADA RESPECTO A LA SUPERINTENDENCIA DE BANCA  SEGUROS Y ADM,20240817,SINTETICO
20240302,INSTITUCIONES EDUCATIVAS,RESOLUCION MINISTERIAL,No 0594-2015-DIRE,DESIGNAN RUTA ASESORA NULIDAD EN LA INSTITUCIONES EDUCATIVAS,20131006,SINTETICO
20190921,INTERIOR,RESOLUCION MINISTERIAL,No 1430-2019-IN,Autorizan viaje de suboficial PNP a Cuba en comision de servicios,20220331,REAL
20130124,SUPERINTENDENCIA DE BANCA  SEGUROS Y ADMINISTRADORAS PRIVADAS DE FONDOS DE PENSIONES,ORDENANZA,No 6048-2017,SE MODIFICA ADMINISTRADOS DISCAPACIDAD PARA LA SUPERINTENDENCIA DE BANCA  SEGUROS Y ADM,20150513,SINTETICO
20180213,TRABAJO Y PROMOCION DEL EMPLEO,RESOLUCION DIRECTORAL,No 0941-2022-SUPE,DISPONEN INGEMMET CUALES CARGA RESPECTO A LA TRABAJO Y PROMOCION DEL EMPLEO,20240915,SINTETICO
20180207,TRANSPORTES Y COMUNICACIONES,RESOLUCION MINISTERIAL,No 9341-2016-DISP,RESOLUCION MINISTERIAL QUE APRUEBA HUANCAVELICA SUPLEMENTARIO DISCIPLINARIO DEL TRANSPORTES Y COMUNICACIONES,20190202,SINTETICO
20210404,JURADO NACIONAL DE ELECCIONES,RESOLUCION,No 0358-2021-JNE,Convocan a ciudadana para que asuma provisionalmente el cargo de regidora del Concejo Provincial de Lima departamento de Lima,20220331,REAL
20240706,CONTRALORIA GENERAL DE LA REPUBLICA,RESOLUCION,No 304-2024-CG,Aprueban la Politica y Objetivos de Gestion de Compliance de la Contraloria General de la Republica,20240731,REAL
20160505,CORTES SUPERIORES DE JUSTICIA,RESOLUCION,No 2399-2023-VIAJ,RESOLUCION QUE APRUEBA CAJA MAYO DEL CORTES SUPERIORES DE JUSTICIA,20130523,SINTETICO
20231018,DEFENSA,RESOLUCION SUPREMA,No 078-2023-DE,Ascienden a oficial al grado de General de Brigada,20231231,REAL
20190419,FUERO MILITAR POLICIAL,RESOLUCION MINISTERIAL,No 3901-2013-FISC,RESOLUCION MINISTERIAL QUE MODIFICA CONTRA CERTIFICACION DE LA FUERO MILITAR POLICIAL,20250201,SINTETICO
20130516,MUNICIPALIDAD DE CARMEN DE LA LEGUA REYNOSO,RESOLUCION,No 5305-2018-REPU,SE DEROGA GRUPO FACTIBILIDAD EXPLOTACION PARA LA MUNICIPALIDAD DE CARMEN DE LA LEGUA REYN,20180906,SINTETICO
20130415,MINISTERIO PUBLICO,RESOLUCION MINISTERIAL,No 0097-2016-GENE,DISPONEN EXTRACTIVAS SULLANA AUTORIZAN RESPECTO A LA MINISTERIO PUBLICO,20150909,SINTETICO
20210807,SUPERINTENDENCIA DE BANCA  SEGUROS Y ADMINISTRADORAS PRIVADAS DE FONDOS DE PENSIONES,RESOLUCION,No 3994-2016-PERU,RESOLUCION QUE ESTABLECE COMUNES EXTRACTIVAS PAGOS EN MATERIA DE SUPERINTENDENCIA DE BANCA  SEGUROS Y ADM,20150203,SINTETICO
20230111,RELACIONES EXTERIORES,RESOLUCION,No 7919-2018-ACEP,SE ASIGNA MIRAFLORES SENASA NIETO ABASTECIMIENTO PARA LA RELACIONES EXTERIORES,20190529,SINTETICO
20210414,GOBIERNO REGIONAL DE PIURA,RESOLUCION,No 9541-2019-REGI,RESOLUCION QUE ESTABLECE EXCEPCIONAL PENITENCIARIO EN MATERIA DE GOBIERNO REGIONAL DE PIURA,20191221,SINTETICO
20141220,INSTITUCIONES EDUCATIVAS,RESOLUCION,No 3094-2013-LEY,DESIGNAN PROMOCION HOSPITAL EN LA INSTITUCIONES EDUCATIVAS,20180830,SINTETICO
20191112,JURADO NACIONAL DE ELECCIONES,RESOLUCION,No 0178-A-2019-JNE,Convocan a ciudadano para que asuma cargo de regidor del Concejo Provincial de Huaylas departamento de ancash,20220331,REAL
20130210,GOBIERNO REGIONAL DE AYACUCHO,RESOLUCION VICE MINISTERIAL,No 4144-2022-VIAJ,RESOLUCION VICE MINISTERIAL QUE APRUEBA ESTANDAR MAGISTRADA RECUPERACION SENOR DEL GOBIERNO REGIONAL DE AYACUCHO,20140907,SINTETICO
20200430,INSTITUTO NACIONAL DE ESTADISTICA E INFORMATICA,RESOLUCION,No 8992-2016-MINI,RESOLUCION QUE ESTABLECE PROCESADO TUMBES EN MATERIA DE INSTITUTO NACIONAL DE ESTADISTICA E INFO,20251102,SINTETICO
20180827,PRODUCE,RESOLUCION,No 2113-2023-ACEP,RESOLUCION QUE DEROGA WARMA CIENCIA ARQUEOLOGICO DE PRODUCE,20170115,SINTETICO
20150901,JURADO NACIONAL DE ELECCIONES,RESOLUCION SUPREMA,No 8320-2013-GENE,DEJAN SIN EFECTO EQUIPOS OTORGADA DE LA JURADO NACIONAL DE ELECCIONES,20160123,SINTETICO
20140711,ECONOMIA Y FINANZAS,FE DE ERRATA,D.S. No 192-2014-EF,FE DE ERRATA,20220331,REAL
20130426,MINISTERIO PUBLICO,RESOLUCION,No 3112-2016-COMI,RESOLUCION QUE MODIFICA COACTIVA RECONSIDERACION DE LA MINISTERIO PUBLICO,20240112,SINTETICO
20130310,SERVICIO NACIONAL DE CERTIFICACIoN AMBIENTAL PARA LAS INVERSIONES SOSTENIBLES,RESOLUCION,No 7437-2021-DIST,RESOLUCION QUE REGULA COREA CIUDADANAS COVID CAPACIDADES A CARGO DE LA SERVICIO NACIONAL DE CERTIFICACIoN AMBIE,20240621,SINTETICO
20141003,TRANSPORTES Y COMUNICACIONES,RESOLUCION SUPREMA,No 2929-2022-REGL,RESOLUCION SUPREMA QUE ESTABLECE DURANTE AGUSTINO EN MATERIA DE TRANSPORTES Y COMUNICACIONES,20230905,SINTETICO
20201212,ORGANISMO DE FORMALIZACIoN DE LA PROPIEDAD INFORMAL,RESOLUCION DIRECTORAL,No D000108-2020-COFOPRI-DE,Designan Director de la Oficina de Coordinacion Descentralizada de COFOPRI,20220331,REAL
20140105,ORGANISMO TeCNICO DE LA ADMINISTRACIoN DE LOS SERVICIOS DE SANEAMIENTO,RESOLUCION,No 0547-2018-TRAN,RESOLUCION No 6703 - ORGANISMO TeCNICO DE LA ADMINISTRACIoN D - MESES PARAGUAY,20191215,SINTETICO
20200823,SUPERINTENDENCIA DE BANCA  SEGUROS Y ADMINISTRADORAS PRIVADAS DE FONDOS DE PENSIONES,RESOLUCION,No 02001-2020,Autorizan al Banco Azteca del Peru S.A. el cierre de agencias en los departamentos de Ica Arequipa Piura y La Libertad,20220331,REAL
20230505,CULTURA,ORDENANZA,No 3526-2021,CREAN DESEMPENO CORPORACION ESCALA PUENTE EN EL AMBITO DE LA CULTURA,20210913,SINTETICO
20220324,MUNICIPALIDAD DE PACHACAMAC,ORDENANZA,No 288-2022-MDP/C,Aprueban Ordenanza que exonera el pago para el tramite de Certificado de Jurisdiccion del distrito de Pachacamac,20221231,REAL
20180711,ORGANISMO SUPERVISOR DE LA INVERSION EN ENERGIA Y MINERIA,FE DE ERRATA,No 3959-2025,FE DE ERRATA No 1510 - ORGANISMO SUPERVISOR DE LA INVERSION EN  - PLANO PROCURADOR TERMINAL,20190113,SINTETICO
20220902,CONSEJO EJECUTIVO DEL PODER JUDICIAL,RESOLUCION ADMINISTRATIVA,No 000324-2022-CE-PJ,Prorrogan funcionamiento de organos jurisdiccionales transitorios de diversos Distritos Judiciales,20221231,REAL
20180304,COMERCIO EXTERIOR Y TURISMO,RESOLUCION MINISTERIAL,No 081-2018-MINCETUR,Autorizan viaje de representante de PROMPERu a Republica Dominicana en comision de servicios,20220331,REAL
20190210,MUNICIPALIDAD DE SAN BARTOLO,RESOLUCION,No 7816-2020-MUNI,DISPONEN ALTO MARISCAL RESPECTO A LA MUNICIPALIDAD DE SAN BARTOLO,20241018,SINTETICO
20230308,CONSEJO EJECUTIVO DEL PODER JUDICIAL,RESOLUCION ADMINISTRATIVA,No 000086-2023-CE-PJ,Autorizan realizacion del XII Festival Nacional de Danzas Folkloricas del Poder Judicial 2023 a llevarse a cabo en la ciudad de Cajamarca,20231231,REAL
20220325,MUNICIPALIDAD DE JESUS MARIA,RESOLUCION MINISTERIAL,No 8580-2021-PROV,RESOLUCION MINISTERIAL No 8170 - MUNICIPALIDAD DE JESUS MARIA - MEJORAMIENTO FINANCIERO SALVADOR RECOLECCION,20140723,SINTETICO
20190823,JUSTICIA Y DERECHOS HUMANOS,RESOLUCION MINISTERIAL,No 0331-2019-JUS,Autorizan viaje de Procuradora Publica Ad Hoc a Brasil en comision de servicios,20220331,REAL
20190804,ECONOMIA Y FINANZAS,DECRETO SUPREMO,No 254-2019-EF,Autorizan Transferencia de Partidas en el Presupuesto del Sector Publico para el Ano Fiscal 2019 a favor de los Pliegos Ministerio del Interior y Ministerio de Defensa,20220331,REAL
20160313,ECONOMIA Y FINANZAS,RESOLUCION DIRECTORAL,No 6027-2024-LIMA,RESOLUCION DIRECTORAL No 4237 - ECONOMIA Y FINANZAS - INDECOPI FUNDADA MDC,20241107,SINTETICO
20240711,EDUCACION,RESOLUCION DIRECTORAL,No 000126- 2024-MINEDU-VMGI-PRONIED-DE,Designan Coordinador de Equipo de la Unidad Gerencial de Estudios y Obras del Programa Nacional de Infraestructura Educativa,20240731,REAL
20190825,MUNICIPALIDAD PROVINCIAL DE MARISCAL NIETO,RESOLUCION SUPREMA,No 9845-2022-MODI,MODIFICAN PEDIDOS HUANCAVELICA REASIGNAN DE LA MUNICIPALIDAD PROVINCIAL DE MARISCAL NIE,20240204,SINTETICO
20130519,JUSTICIA Y DERECHOS HUMANOS,RESOLUCION,No 2399-2019-FISC,SE DISPONE NOROESTE LINEA PARA LA JUSTICIA Y DERECHOS HUMANOS,20211231,SINTETICO
20150715,AGRICULTURA Y RIEGO,RESOLUCION,No 3364-2014-REGI,RESOLUCION QUE APRUEBA RUTA CREACION AUTORIZA PORTUARIO DEL AGRICULTURA Y RIEGO,20200909,SINTETICO
20151006,MINISTERIO PUBLICO,RESOLUCION,No 2663-2017-NACI,RESOLUCION No 4251 - MINISTERIO PUBLICO - DELITO CUADRO,20151001,SINTETICO
20140717,SUPERINTENDENCIA NACIONAL DE ADUANAS Y DE ADMINISTRACION TRIBUTARIA,RESOLUCION,No 2537-2024-MINI,MODIFICAN DIAS DEBEN DE LA SUPERINTENDENCIA NACIONAL DE ADUANAS Y D,20170129,SINTETICO
20150221,AGRICULTURA Y RIEGO,RESOLUCION,No 6937-2014-PERU,RESOLUCION QUE APRUEBA ORDENANZAS UBICADOS APROBADO DEL AGRICULTURA Y RIEGO,20150228,SINTETICO
20210820,JURADO NACIONAL DE ELECCIONES,ORDENANZA,No 4154-2016,CREAN SITUACION LOCALIDADES EJECUTORES EN EL AMBITO DE LA JURADO NACIONAL DE ELECCIONES,20250819,SINTETICO
20130726,SUPERINTENDENCIA NACIONAL DE ADUANAS Y DE ADMINISTRACION TRIBUTARIA,RESOLUCION,No 118-3D0000-2013-000349,Dejan sin efecto designacion de Auxiliar Coactivo de la Intendencia de Aduana Maritima del Callao,20220331,REAL
20191116,GOBIERNO REGIONAL DE UCAYALI,RESOLUCION,No 2031-2016-VIAJ,DEJAN SIN EFECTO INDUSTRIAS FAMILIAR DE LA GOBIERNO REGIONAL DE UCAYALI,20160805,SINTETICO
20240125,INTERIOR,RESOLUCION MINISTERIAL,No 1171-2018-NOMB,RESOLUCION MINISTERIAL QUE REGULA RECONSIDERACION VIGILANCIA WEB NULIDAD A CARGO DE LA INTERIOR,20141005,SINTETICO
20170510,TRANSPORTES Y COMUNICACIONES,RESOLUCION,No 2427-2016-DAN,RESOLUCION QUE MODIFICA MANTENIMIENTO REGULACION INICIAL DE LA TRANSPORTES Y COMUNICACIONES,20231112,SINTETICO
20200208,PRESIDENCIA DEL CONSEJO DE MINISTROS,RESOLUCION MINISTERIAL,No 5922-2025-DESI,DISPONEN FUERZA OBLIGACIONES SONORA RESPECTO A LA PRESIDENCIA DEL CONSEJO DE MINISTROS,20230907,SINTETICO
20170611,PRESIDENCIA DEL CONSEJO DE MINISTROS,RESOLUCION,No 8947-2025-DECL,SE CREA NIVELES CUALES DESEMPENO SUMINISTRO PARA LA PRESIDENCIA DEL CONSEJO DE MINISTROS,20160107,SINTETICO
20180627,DEFENSA,RESOLUCION MINISTERIAL,No 5876-2020-ORDE,RESOLUCION MINISTERIAL QUE DEROGA PLUVIALES ESTUDIO EMITIDO POR LA DEFENSA,20210106,SINTETICO
20210102,MUNICIPALIDAD DE ANCON,ORDENANZA,No 3048-2025,DEJAN SIN EFECTO VENCIMIENTO MOQUEGUA III DE LA MUNICIPALIDAD DE ANCON,20230922,SINTETICO
20130602,SERVICIO NACIONAL DE CERTIFICACIoN AMBIENTAL PARA LAS INVERSIONES SOSTENIBLES,RESOLUCION,No 6342-2015-DESI,RESOLUCION QUE DEROGA TERRITORIAL ESTADISTICA TIPO EMITIDO POR LA SERVICIO NACIONAL DE CERTIFICACIoN AMBIE,20210130,SINTETICO
20241017,JURADO NACIONAL DE ELECCIONES,SEPARATA ESPECIAL,No 2524-2017,SEPARATA ESPECIAL No 4969 - JURADO NACIONAL DE ELECCIONES - AUTORIZACION CONGRESO,20220629,SINTETICO
20200725,SUPERINTENDENCIA DE BANCA  SEGUROS Y ADMINISTRADORAS PRIVADAS DE FONDOS DE PENSIONES,RESOLUCION,No 1847-2020,Aprueban modificacion del Estatuto Social de la empresa Integro Andina S.A.C. Corredores de Reaseguros variando su denominacion social a Tysers Sociedad Anonima Cerrada Corredores de Reaseguros,20220331,REAL
20190411,MINISTERIO PUBLICO,RESOLUCION MINISTERIAL,No 0982-2024-SERV,RESOLUCION MINISTERIAL QUE APRUEBA DIVERSOS ORGANIZADORA LABORALES DEL MINISTERIO PUBLICO,20130814,SINTETICO
20210504,MINISTERIO PUBLICO,RESOLUCION VICE MINISTERIAL,No 9151-2017-SUPE,RESOLUCION VICE MINISTERIAL QUE APRUEBA DAN DERIVADOS TUSNE DEL MINISTERIO PUBLICO,20130225,SINTETICO
20250202,ECONOMIA Y FINANZAS,RESOLUCION VICE MINISTERIAL,No 1129-2013-REGL,DESIGNAN INTEGRANTE BONO FAUCETT AMBIENTALES EN LA ECONOMIA Y FINANZAS,20210607,SINTETICO
20240210,SUPERINTENDENCIA NACIONAL DE EDUCACION SUPERIOR UNIVERSITARIA,RESOLUCION MINISTERIAL,No 6505-2016-GENE,APRUEBAN VISITAS BARRIDO DE LA SUPERINTENDENCIA NACIONAL DE EDUCACION S,20170131,SINTETICO
20140213,AMBIENTE,RESOLUCION,No 1357-2025-PROV,RESOLUCION No 0754 - AMBIENTE - INCORPORAN CEPLAN METODOLOGIA,20170209,SINTETICO
20180421,ECONOMIA Y FINANZAS,RESOLUCION,No 9670-2022-DECL,RESOLUCION QUE DEROGA COMUNITARIO CONOCIMIENTO SOCIALES FISCALES EMITIDO POR LA ECONOMIA Y FINANZAS,20240509,SINTETICO
20210728,VIVIENDA  CONSTRUCCION Y SANEAMIENTO,RESOLUCION MINISTERIAL,No 225-2021-VIVIENDA,Aprueban el Manual de Operaciones del Programa Mejoramiento Integral de Barrios,20220331,REAL
20230824,TRANSPORTES Y COMUNICACIONES,RESOLUCION DIRECTORAL,No 0452-2023-MTC/17.03,Renuevan a la empresa CERTIFICADORA ANDINA SOCIEDAD ANONIMA CERRADA - CERTIFICADORA ANDINA S.A.C. la autorizacion para operar como Centro de Inspeccion Tecnica Vehicular fijo otorgada mediante R.D. No 2664-2018-MTC/15,20231231,REAL
20161218,INSTITUCIONES EDUCATIVAS,RESOLUCION,No 1914,Autorizan viaje de representante de la Universidad Nacional de Ingenieria a Cuba en comision de servicios,20220331,REAL
20170530,SALUD,RESOLUCION,No 2298-2024-DIST,AUTORIZAN ADMINISTRATIVO RENOVACION MEXICO PRODUCCION A LA SALUD,20240109,SINTETICO
20251225,INSTITUCIONES EDUCATIVAS,RESOLUCION MINISTERIAL,No 6648-2014-JUST,AUTORIZAN APELACIONES RESPONSABLE AMBIENTAL ASESOR A LA INSTITUCIONES EDUCATIVAS,20220626,SINTETICO
20191115,AGRICULTURA Y RIEGO,RESOLUCION JEFATURAL,No 251-2019-ANA,Designan Director de la Direccion de Organizaciones de Usuarios de Agua de la Autoridad Nacional del Agua,20220331,REAL
20200209,JURADO NACIONAL DE ELECCIONES,RESOLUCION MINISTERIAL,No 0996-2024-RESO,AUTORIZAN FICHAS TOTALES MML DENUNCIAS A LA JURADO NACIONAL DE ELECCIONES,20241227,SINTETICO
20220119,DEFENSA,RESOLUCION,No 0870-2024-DIVE,RESOLUCION No 9992 - DEFENSA - REASEGUROS SENAMHI PRODUCTIVA,20140622,SINTETICO
20180918,MUNICIPALIDAD PROVINCIAL DE CAnETE,ORDENANZA,No 5919-2022,APRUEBAN ANALISIS ATRIBUCIONES TEXTO DE LA MUNICIPALIDAD PROVINCIAL DE CAnETE,20200808,SINTETICO
20130511,CONTRALORIA GENERAL DE LA REPUBLICA,RESOLUCION JEFATURAL,No 0280-2019-PROV,DISPONEN CARGOS MIGRACIONES TITULAR RESPECTO A LA CONTRALORIA GENERAL DE LA REPUBLICA,20200623,SINTETICO
20251114,TRANSPORTES Y COMUNICACIONES,DECRETO DE URGENCIA,No 5832-2023,CREAN ADICIONALES MINISTROS FRONTERA INSTITUTOS EN EL AMBITO DE LA TRANSPORTES Y COMUNICACIONES,20230720,SINTETICO
20190127,PRODUCE,RESOLUCION MINISTERIAL,No 6609-2018-COMI,RESOLUCION MINISTERIAL QUE PRORROGA REGULA LABORES APURIMAC BASADRE DE PRODUCE,20180726,SINTETICO
20131202,DEFENSA,RESOLUCION,No 0905-2020-DIST,RESOLUCION No 1731 - DEFENSA - ESTATUTO CORTES,20231130,SINTETICO
20160614,SALUD,RESOLUCION MINISTERIAL,No 2335-2021-PERU,SE CREA ESTUDIANTES POLICIA FUNCIONARIOS PARA LA SALUD,20140307,SINTETICO
20230817,TRANSPORTES Y COMUNICACIONES,RESOLUCION MINISTERIAL,No 4689-2018-NACI,APRUEBAN PEDAGOGICA RESPONSABLES ORGANISMO EXTRANJERO DE LA TRANSPORTES Y COMUNICACIONES,20210717,SINTETICO
20250118,JURADO NACIONAL DE ELECCIONES,RESOLUCION,No 8525-2014-DAN,DISPONEN SUTRAN INGRESO CONSERVACION RESPECTO A LA JURADO NACIONAL DE ELECCIONES,20230421,SINTETICO
20231016,ECONOMIA Y FINANZAS,RESOLUCION MINISTERIAL,No 1796-2023-APRU,RESOLUCION MINISTERIAL QUE ESTABLECE EPS AYACUCHO EN MATERIA DE ECONOMIA Y FINANZAS,20160705,SINTETICO
20210303,INSTITUTO NACIONAL DE DEFENSA DE LA COMPETENCIA Y DE LA PROTECCION DE LA PROPIEDAD INTELECTUAL,FE DE ERRATA,No 4609-2025,FE DE ERRATA QUE APRUEBA PREVENIR APCI DEL INSTITUTO NACIONAL DE DEFENSA DE LA COMP,20180807,SINTETICO
20190726,TRANSPORTES Y COMUNICACIONES,RESOLUCION MINISTERIAL,No 569-2019 MTC/01.02,Aprueban ejecucion de la expropiacion del area del inmueble afectado por la ejecucion de la Obra: Red Vial No 4: Tramo Pativilca - Santa - Trujillo y Puerto Salaverry - Empalme PN1N y el valor de la tasacion,20220331,REAL
20170126,SUPERINTENDENCIA NACIONAL DE LOS REGISTROS PUBLICOS,RESOLUCION MINISTERIAL,No 3558-2019-COMI,MODIFICAN AVIACION ACTIVA MODIFICAN DE LA SUPERINTENDENCIA NACIONAL DE LOS REGISTR,20240529,SINTETICO
20230619,MUNICIPALIDAD DE CHORRILLOS,ORDENANZA,No 6309-2022,CREAN FUERZA NULO DIRECTOR EN EL AMBITO DE LA MUNICIPALIDAD DE CHORRILLOS,20201106,SINTETICO
20190509,JURADO NACIONAL DE ELECCIONES,RESOLUCION DIRECTORAL,No 4828-2024-ANO,RESOLUCION DIRECTORAL QUE ESTABLECE ELECCIONES JURISDICCION OBJETO EN MATERIA DE JURADO NACIONAL DE ELECCIONES,20200703,SINTETICO
20250530,JURADO NACIONAL DE ELECCIONES,RESOLUCION,No 6213-2015-DIVE,RESOLUCION QUE ESTABLECE ANTE ANCON EN MATERIA DE JURADO NACIONAL DE ELECCIONES,20220324,SINTETICO
20240811,RELACIONES EXTERIORES,RESOLUCION MINISTERIAL,No 5795-2023-FAVO,MODIFICAN TEMPORAL NOS AMAZONIA NINAS DE LA RELACIONES EXTERIORES,20190216,SINTETICO
20230723,CONGRESO DE LA REPUBLICA,RESOLUCION MINISTERIAL,No 9185-2015-DIST,MODIFICAN CONVENCION MINIMO CONSERVACION GARANTIZAR DE LA CONGRESO DE LA REPUBLICA,20190208,SINTETICO
20170615,JURADO NACIONAL DE ELECCIONES,RESOLUCION,No 218-2017-JNE,Convocan a ciudadana para que asuma el cargo de regidora del Concejo Distrital de Huasicancha provincia de Huancayo departamento de Junin,20220331,REAL
20221227,PRESIDENCIA DEL CONSEJO DE MINISTROS,RESOLUCION DE ALCALDIA,No 9827-2014-DIST,CREAN SORTEO APROBADA SEDE EN EL AMBITO DE LA PRESIDENCIA DEL CONSEJO DE MINISTROS,20130924,SINTETICO
20140425,MUNICIPALIDAD PROVINCIAL DE HUALGAYOC,DECRETO SUPREMO,No 8853-2017,DECRETO SUPREMO No 0517 - MUNICIPALIDAD PROVINCIAL DE HUALGAYOC - BASADRE LISTA INICIO,20130329,SINTETICO
20200101,TRABAJO Y PROMOCION DEL EMPLEO,RESOLUCION MINISTERIAL,No 6384-2024-ACEP,RESOLUCION MINISTERIAL QUE MODIFICA PLANO SANCIONADOR PUBLICAS IQUITOS DE LA TRABAJO Y PROMOCION DEL EMPLEO,20130531,SINTETICO
20221214,MUNICIPALIDAD PROVINCIAL DE BARRANCA,DECRETO DE ALCALDIA,No 2237-2019,SE REGULA PNP CAP INGRESO PORRES PARA LA MUNICIPALIDAD PROVINCIAL DE BARRANCA,20250201,SINTETICO
20150602,JURADO NACIONAL DE ELECCIONES,RESOLUCION,No 1508-2017-MODI,RESOLUCION QUE SUSPENDE EDUCACION MEDIDAS PRECIOS INDUSTRIAL DE JURADO NACIONAL DE ELECCIONES,20180516,SINTETICO
20180302,JUSTICIA Y DERECHOS HUMANOS,RESOLUCION SUPREMA,No 046-2018-JUS,Acceden a solicitudes de extradicion activa de ciudadanos peruanos y disponen su presentacion a los EE.UU. y Argentina,20220331,REAL
20140226,GOBIERNO REGIONAL DE PASCO,ORDENANZA,No 7094-2020,ORDENANZA QUE DISPONE ORGANIZACIONES SBS DIRECTORES REDISTRIBUCION DE GOBIERNO REGIONAL DE PASCO,20151222,SINTETICO
20171230,MUNICIPALIDAD DE SAN LUIS,ORDENANZA,No 242-2017-MDSL/C,Aprueban el Programa Municipal de Educacion Cultura y Ciudadania Ambiental de la Municipalidad Distrital de San Luis 2017-2022,20220331,REAL
20141022,MINISTERIO PUBLICO,RESOLUCION,No 4431-2014-MP-FN,Dejan sin efecto nombramiento aceptan renuncias dan por concluidos designaciones y nombramientos nombran y designan fiscales en diversos distritos judiciales,20220331,REAL
20140427,JURADO NACIONAL DE ELECCIONES,RESOLUCION,No 3997-2019-DIST,RESOLUCION QUE MODIFICA CONFERENCIA JURIDICAS DE LA JURADO NACIONAL DE ELECCIONES,20131020,SINTETICO
20180217,JURADO NACIONAL DE ELECCIONES,RESOLUCION JEFATURAL,No 7759-2016-FAVO,RESOLUCION JEFATURAL QUE ESTABLECE DETERMINAN ACTUALIZAN EN MATERIA DE JURADO NACIONAL DE ELECCIONES,20191031,SINTETICO
20161119,MUJER Y POBLACIONES VULNERABLES,RESOLUCION DIRECTORAL,No 3654-2014-TRAN,AUTORIZAN JUEGOS PREDIOS ACCEDEN SUIZA A LA MUJER Y POBLACIONES VULNERABLES,20240727,SINTETICO
20171112,ECONOMIA Y FINANZAS,RESOLUCION MINISTERIAL,No 0270-2013-ANO,RESOLUCION MINISTERIAL QUE ESTABLECE TAYACAJA ENTIDADES REPRESENTACION DIRECCIONES EN MATERIA DE ECONOMIA Y FINANZAS,20220519,SINTETICO
20140219,EDUCACION,DECRETO SUPREMO,No 8030-2015,DEJAN SIN EFECTO PENSIONES ORGANISMO ASEGURAMIENTO NOMBRAMIENTOS DE LA EDUCACION,20171013,SINTETICO
20211123,CONSEJO EJECUTIVO DEL PODER JUDICIAL,RESOLUCION MINISTERIAL,No 9873-2017-DESI,RESOLUCION MINISTERIAL QUE REGULA URBANISMO APELACIONES A CARGO DE LA CONSEJO EJECUTIVO DEL PODER JUDICIAL,20140807,SINTETICO
20170309,TRABAJO Y PROMOCION DEL EMPLEO,RESOLUCION,No 0802-2019-REGI,APRUEBAN VICTORIA NOROESTE DE LA TRABAJO Y PROMOCION DEL EMPLEO,20231013,SINTETICO
20201212,CONSEJO EJECUTIVO DEL PODER JUDICIAL,SEPARATA ESPECIAL,No 6754-2020,SEPARATA ESPECIAL No 1737 - CONSEJO EJECUTIVO DEL PODER JUDICIAL - PREPUBLICACION CONTRATACIONES,20151129,SINTETICO
20170307,CULTURA,RESOLUCION MINISTERIAL,No 5523-2016-SUPE,DEJAN SIN EFECTO FORESTAL ORDENANZAS CONTRALMIRANTE DE LA CULTURA,20130929,SINTETICO
20210220,CONSEJO EJECUTIVO DEL PODER JUDICIAL,RESOLUCION ADMINISTRATIVA,No 000042-2021-CE-PJ,Aprueban el Plan Nacional de Plenos Jurisdiccionales Superiores 2021,20220331,REAL
20240924,ORGANISMO DE EVALUACION Y FISCALIZACION AMBIENTAL,RESOLUCION MINISTERIAL,No 0689-2022-FISC,APRUEBAN TRAMITE PERLA CUMPLIMIENTO FINALIDAD DE LA ORGANISMO DE EVALUACION Y FISCALIZACION ,20241230,SINTETICO
20220224,GOBIERNO REGIONAL DE HUANUCO,ORDENANZA,No 078-2021-GRH-CR,Declaran de Prioridad y de Necesidad Publica el Licenciamiento de los Institutos de Educacion Superior Tecnologicos y Pedagogicos de la region Huanuco,20221231,REAL
20161024,ECONOMIA Y FINANZAS,RESOLUCION MINISTERIAL,No 6693-2013-FISC,RESOLUCION MINISTERIAL QUE DESIGNA PAISAJE EXPEDIENTES OSITRAN DE ECONOMIA Y FINANZAS,20210130,SINTETICO
20190703,MINISTERIO PUBLICO,CONVENIO,No 7651-2019,CONVENIO QUE REGULA CONCURSOS SECRETARIA ANCHOVETA A CARGO DE LA MINISTERIO PUBLICO,20170422,SINTETICO
20180212,MUNICIPALIDAD DE MAGDALENA DEL MAR,RESOLUCION DIRECTORAL,No 8266-2018-DECR,RESOLUCION DIRECTORAL QUE ESTABLECE MINERA NACION EN MATERIA DE MUNICIPALIDAD DE MAGDALENA DEL MAR,20151231,SINTETICO
20220908,JURADO NACIONAL DE ELECCIONES,RESOLUCION MINISTERIAL,No 2722-2025-AUTO,APRUEBAN ORIENTE MDCH DE LA JURADO NACIONAL DE ELECCIONES,20131008,SINTETICO
20220125,SUPERINTENDENCIA DE BANCA  SEGUROS Y ADMINISTRADORAS PRIVADAS DE FONDOS DE PENSIONES,ORDENANZA,No 6481-2015,SE APRUEBA INTERPUESTO SOCIEDADES DECRETOS TOPE PARA LA SUPERINTENDENCIA DE BANCA  SEGUROS Y ADM,20220424,SINTETICO
20140501,EDUCACION,RESOLUCION,No 6051-2025-DIST,RESOLUCION No 0504 - EDUCACION - FISICO EXTRANJERO,20170610,SINTETICO
20250114,JUSTICIA Y DERECHOS HUMANOS,RESOLUCION,No 0609-2017-DEPA,RESOLUCION QUE REGULA RES CAMBIO POLITICAS PASAJEROS A CARGO DE LA JUSTICIA Y DERECHOS HUMANOS,20200627,SINTETICO
20160531,SUPERINTENDENCIA NACIONAL DE BIENES ESTATALES,RESOLUCION MINISTERIAL,No 4424-2023-SUPR,RESOLUCION MINISTERIAL QUE REGULA INSTRUCTIVO INDUSTRIAL FEDATARIOS A CARGO DE LA SUPERINTENDENCIA NACIONAL DE BIENES ESTA,20180516,SINTETICO
20151130,INSTITUCIONES EDUCATIVAS,RESOLUCION,No 9433-2021-LIMA,CREAN OESTE PASIVO BASADRE EN EL AMBITO DE LA INSTITUCIONES EDUCATIVAS,20200901,SINTETICO
20181012,MINISTERIO PUBLICO,RESOLUCION ADMINISTRATIVA,No 3902-2017-SAN,APRUEBAN REORDENAMIENTO MARITIMA REGISTRO INCLUSIVO DE LA MINISTERIO PUBLICO,20211018,SINTETICO
20221007,JURADO NACIONAL DE ELECCIONES,RESOLUCION,No 3428-2022-JNE,Confirman la Resolucion No 01057-2022-JEE-URUB/JNE,20221231,REAL
20140904,MUNICIPALIDAD DE SAN ISIDRO,RESOLUCION,No 4594-2018-RESO,AUTORIZAN LEY CLIMATICO UNIVERSIDADES A LA MUNICIPALIDAD DE SAN ISIDRO,20161103,SINTETICO
20151124,ECONOMIA Y FINANZAS,RESOLUCION,No 6229-2020-DEPA,CREAN VERIFICACION VIDA EN EL AMBITO DE LA ECONOMIA Y FINANZAS,20250618,SINTETICO
20210317,MINISTERIO PUBLICO,RESOLUCION MINISTERIAL,No 9659-2024-GENE,RESOLUCION MINISTERIAL QUE APRUEBA ANCHOVETA AGUSTINO INTEGRANTE COMPRA DEL MINISTERIO PUBLICO,20240210,SINTETICO
20200429,SALUD,RESOLUCION,No 40-2020-PRONIS-CG,Designan profesionales en el Programa Nacional de Inversiones en Salud - PRONIS,20220331,REAL
20220206,CONSEJO EJECUTIVO DEL PODER JUDICIAL,QUEJA,ODECMA No 055-2015-PUNO,Imponen medida disciplinaria de destitucion a Juez de Paz de Segunda Nominacion del distrito de Moho Corte Superior de Justicia de Puno,20221231,REAL
20210516,CORTES SUPERIORES DE JUSTICIA,ORDENANZA,No 6433-2017,ORDENANZA QUE MODIFICA HASTA UNIDO PRESUPUESTAL APRUEBAN DE CORTES SUPERIORES DE JUSTICIA,20220809,SINTETICO
20160114,MUNICIPALIDAD DE SANTA ANITA,RESOLUCION,No 7361-2015-NOMB,RESOLUCION QUE DEROGA PRESTADOS ESCUELA NOMBRAN EMITIDO POR LA MUNICIPALIDAD DE SANTA ANITA,20240604,SINTETICO
20170128,CONSEJO EJECUTIVO DEL PODER JUDICIAL,RESOLUCION ADMINISTRATIVA,No 036-2017-CE-PJ,Incorporan al Presidente de la Corte Superior de Justicia de Lima Norte a la Comision de Trabajo del Expediente Judicial Electronico (EJE) y la Mesa de Partes Electronica (MPE) encargada de su implementacion durante el periodo 2017 - 2018,20220331,REAL
20211117,ORGANISMO SUPERVISOR DE LA INVERSION EN ENERGIA Y MINERIA,RESOLUCION MINISTERIAL,No 5251-2022-REGI,DEJAN SIN EFECTO SISTEMAS GARANTIZAR INCORPORAN REASEGUROS DE LA ORGANISMO SUPERVISOR DE LA INVERSION EN ,20190311,SINTETICO
20160527,VIVIENDA  CONSTRUCCIoN Y SANEAMIENTO,RESOLUCION,No 4775-2020-REPU,RESOLUCION QUE APRUEBA DOCENTES BARRERA DEL VIVIENDA  CONSTRUCCIoN Y SANEAMIENTO,20211012,SINTETICO
20170625,AGRICULTURA Y RIEGO,RESOLUCION MINISTERIAL,No 0257-2017-MINAGRI,Autorizan viaje de Especialista de la Direccion General Agricola del Ministerio a Bolivia en comision de servicios,20220331,REAL
20210411,ECONOMIA Y FINANZAS,RESOLUCION,No 1929-2018-SUPR,RESOLUCION QUE MODIFICA INDICADORES MERITO DISTRITAL COVID DE LA ECONOMIA Y FINANZAS,20160503,SINTETICO
20180707,MINISTERIO PUBLICO,RESOLUCION,No 2310-2018-MP-FN,Aceptan renuncias nombran dan por concluidas designaciones y designan fiscales en los Distritos Fiscales de Huancavelica Ventanilla ancash Cusco Lima Lima Norte Loreto Puno y Ucayali,20220331,REAL
20211104,DEFENSA,DECRETO SUPREMO,No 7532-2015,DECRETO SUPREMO QUE APRUEBA MONTOS PUCUSANA NECESIDAD DEL DEFENSA,20130226,SINTETICO
20240111,AUTORIDAD DE TRANSPORTE URBANO PARA LIMA Y CALLAO,RESOLUCION DIRECTORAL,No 3717-2020-SERV,RESOLUCION DIRECTORAL No 3339 - AUTORIDAD DE TRANSPORTE URBANO PARA LIMA - OBRAS CONTENIDO,20190418,SINTETICO
20220925,AMBIENTE,RESOLUCION,No 9735-2016-PROV,RESOLUCION QUE ESTABLECE MOTORIZADOS SIMPLIFICADO EN MATERIA DE AMBIENTE,20180228,SINTETICO
20221112,CONSEJO SUPERIOR DEL SISTEMA NACIONAL DE EVALUACION  ACREDITACION Y CERTIFICACION DE LA CALIDAD EDUCATIVA,RESOLUCION ADMINISTRATIVA,No 0196-2017-REGI,RESOLUCION ADMINISTRATIVA QUE DEROGA PAITA JUVENIL ESTABLECIDO EMITIDO POR LA CONSEJO SUPERIOR DEL SISTEMA NACIONAL DE,20130217,SINTETICO
20141012,JURADO NACIONAL DE ELECCIONES,RESOLUCION,No 0121-2019-ORDE,RESOLUCION QUE REGULA FACULTAD ABRIL A CARGO DE LA JURADO NACIONAL DE ELECCIONES,20170501,SINTETICO
20200211,PRESIDENCIA DEL CONSEJO DE MINISTROS,RESOLUCION SUPREMA,No 7213-2016-RESO,AUTORIZAN EJERCITO JEE A LA PRESIDENCIA DEL CONSEJO DE MINISTROS,20251014,SINTETICO
20130611,TRANSPORTES Y COMUNICACIONES,RESOLUCION,No 3353-2022-SAN,RESOLUCION QUE DEROGA PRIVADA ENCUESTA EMITIDO POR LA TRANSPORTES Y COMUNICACIONES,20190618,SINTETICO
20150118,INSTITUCIONES EDUCATIVAS,DECRETO SUPREMO,No 3799-2021,DECRETO SUPREMO QUE REGULA ESTADOS UNIVERSITARIA SISTEMA SANIPES A CARGO DE LA INSTITUCIONES EDUCATIVAS,20201226,SINTETICO
20210707,SUPERINTENDENCIA NACIONAL DE ADUANAS Y DE ADMINISTRACION TRIBUTARIA,RESOLUCION JEFATURAL,No 9253-2018-DESI,APRUEBAN NIVEL DIPLOMATICO VISITAS DE LA SUPERINTENDENCIA NACIONAL DE ADUANAS Y D,20130430,SINTETICO
20160711,DEFENSA,RESOLUCION,No 1855-2017-DESI,RESOLUCION No 3961 - DEFENSA - CENTROS FORTALECER,20250601,SINTETICO
20201220,SUPERINTENDENCIA NACIONAL DE ADUANAS Y DE ADMINISTRACION TRIBUTARIA,DECRETO SUPREMO,No 8307-2022,SE DISPONE ASUNTOS ACCIONES UNION PARA LA SUPERINTENDENCIA NACIONAL DE ADUANAS Y D,20130925,SINTETICO
20240907,DESARROLLO E INCLUSIoN SOCIAL,RESOLUCION,No D000537-2024-MIDIS/PNAEQW-DE,Designan Jefe de la Unidad de Organizacion de las Prestaciones del Programa Nacional de Alimentacion Escolar Qali Warma,20240930,REAL
20240421,MINISTERIO PUBLICO,RESOLUCION,No 9295-2023-SALU,AUTORIZAN SESION BINACIONAL A LA MINISTERIO PUBLICO,20170124,SINTETICO
20170327,BIBLIOTECA NACIONAL DEL PERU,ORDENANZA,No 1039-2020,SE ASIGNA ESTABLECIDAS ESTABLECIDA SOLUCION PARA LA BIBLIOTECA NACIONAL DEL PERU,20130106,SINTETICO
20251105,SALUD,RESOLUCION,No 6486-2014-PUBL,MODIFICAN VENCIMIENTO VIAL DE LA SALUD,20161121,SINTETICO
20130516,MUNICIPALIDAD DE SAN LUIS,ORDENANZA,No 158-MDSL,Aprueban Reglamento del Proceso del Presupuesto Participativo Basado en Resultados en el distrito de San Luis para el Ejercicio 2014,20220331,REAL
20151112,MUNICIPALIDAD DE MIRAFLORES,RESOLUCION,No 9083-2021-DESI,RESOLUCION QUE REGULA PROMOCION MINERAS AREA EXCEPCIONAL A CARGO DE LA MUNICIPALIDAD DE MIRAFLORES,20220528,SINTETICO
20160731,TRANSPORTES Y COMUNICACIONES,RESOLUCION,No 2207-2025-TRAN,APRUEBAN IMARPE TACHA DE LA TRANSPORTES Y COMUNICACIONES,20190612,SINTETICO
20160809,CONGRESO DE LA REPUBLICA,RESOLUCION,No 2512-2017-INSC,DEJAN SIN EFECTO PROPIO SUNASS MEDIDAS RECONSTRUCCION DE LA CONGRESO DE LA REPUBLICA,20200214,SINTETICO
20180329,MUNICIPALIDAD DISTRITAL DE LUNAHUANA,ORDENANZA,No 001-2018-MDL,Modifican la Ordenanza No 003-2017-MDL que regula el funcionamiento y sancion de establecimientos comerciales dedicados al giro de restaurantes agencias de viajes y turismo,20220331,REAL
20200227,JURADO NACIONAL DE ELECCIONES,RESOLUCION,No 9131-2025-DIST,DEJAN SIN EFECTO DONACION TRIBUTARIOS CONFORMIDAD DE LA JURADO NACIONAL DE ELECCIONES,20250515,SINTETICO
20251002,JURADO NACIONAL DE ELECCIONES,RESOLUCION DIRECTORAL,No 1334-2024-SAN,RESOLUCION DIRECTORAL QUE DEROGA ORDENAMIENTO OFICIALES EMITIDO POR LA JURADO NACIONAL DE ELECCIONES,20230219,SINTETICO
20250916,JUSTICIA Y DERECHOS HUMANOS,RESOLUCION,No 3996-2018-OFIC,DISPONEN DIRECTORIO FASE PRONTO FRECUENCIA RESPECTO A LA JUSTICIA Y DERECHOS HUMANOS,20191023,SINTETICO
20180323,MUNICIPALIDAD DE SAN MARTIN DE PORRES,DECRETO DE ALCALDIA,No 2988-2024,DECRETO DE ALCALDIA QUE INCORPORA ALCANTARILLADO MEDIANTE COMPRAS PARTIDAS DE MUNICIPALIDAD DE SAN MARTIN DE PORRES,20250122,SINTETICO
20140131,MUNICIPALIDAD DE ANCON,RESOLUCION MINISTERIAL,No 1329-2022-ORDE,DISPONEN APROBADA COMERCIO REFIERE INFUNDADOS RESPECTO A LA MUNICIPALIDAD DE ANCON,20170307,SINTETICO
20230908,PRESIDENCIA DEL CONSEJO DE MINISTROS,RESOLUCION MINISTERIAL,No 9826-2014-MINI,RESOLUCION MINISTERIAL QUE CREA VENEZUELA REFIERE CONFERENCIA DE PRESIDENCIA DEL CONSEJO DE MINISTROS,20240621,SINTETICO
20150401,SUPERINTENDENCIA NACIONAL DE EDUCACION SUPERIOR UNIVERSITARIA,ORDENANZA,No 8495-2021,ORDENANZA QUE MODIFICA MIRAFLORES CULTURAL COMAS DE LA SUPERINTENDENCIA NACIONAL DE EDUCACION S,20180124,SINTETICO
20140228,CORTES SUPERIORES DE JUSTICIA,RESOLUCION ADMINISTRATIVA,No 087-2014-P-CSJLI/PJ,Aprueban Directiva sobre Medidas de Ecoeficiencia en la Unidad Ejecutora No 003 - Corte Superior de Justicia de Lima,20220331,REAL
20191205,JURADO NACIONAL DE ELECCIONES,RESOLUCION,No 0294-2019-JNE,Revocan resolucion en extremo que declaro improcedente solicitud de inscripcion de candidata por el distrito electoral de Moquegua,20220331,REAL
20211226,SUPERINTENDENCIA DEL MERCADO DE VALORES,RESOLUCION,No 022-2021-SMV/01,Autorizan la difusion del Proyecto de modificacion de los articulos 40 44 y Anexo F del Reglamento de Agentes de Intermediacion aprobado por Resolucion SMV No 034-2015-SMV/01,20220331,REAL
20140712,PRESIDENCIA DEL CONSEJO DE MINISTROS,DECRETO SUPREMO,No 048-2014-PCM,Modifican el Decreto Supremo No 081-2014-PCM que crea el Programa Nacional de Asistencia Solidaria Pension 65.,20220331,REAL
20141003,MUNICIPALIDAD DE VILLA EL SALVADOR,DECRETO DE ALCALDIA,No 3954-2019,DECRETO DE ALCALDIA QUE APRUEBA PERSONAL CREADA DEL MUNICIPALIDAD DE VILLA EL SALVADOR,20180927,SINTETICO
20130623,JURADO NACIONAL DE ELECCIONES,RESOLUCION,No 587-2013-JNE,Declaran fundado recurso extraordinario interpuesto contra la Res. No 196-2013-JNE declarandola nula en extremo que incluye a las autoridades del concejo municipal de la Municipalidad Distrital de Pimentel provincia de Chiclayo departamento de Lambayeque en la convocatoria a la Segunda Consulta Popular de Revocatoria de Autoridades Municipales 2013,20220331,REAL
20160510,GOBIERNO REGIONAL DE PIURA,RESOLUCION JEFATURAL,No 0446-2023-DEPA,RESOLUCION JEFATURAL No 2439 - GOBIERNO REGIONAL DE PIURA - COMERCIALES SANCHEZ VACANTES,20230324,SINTETICO
20240111,PRESIDENCIA DEL CONSEJO DE MINISTROS,RESOLUCION JEFATURAL,No 4338-2025-REPU,CREAN NOS SUPERVISION EN EL AMBITO DE LA PRESIDENCIA DEL CONSEJO DE MINISTROS,20161018,SINTETICO
20150522,INSTITUCIONES EDUCATIVAS,RESOLUCION DIRECTORAL,No 052-2014-ENSABAP,Designan funcionario responsable de la elaboracion y actualizacion del Portal de Transparencia de la Escuela Nacional Superior Autonoma de Bellas Artes del Peru,20220331,REAL
20190606,TRANSPORTES Y COMUNICACIONES,RESOLUCION MINISTERIAL,No 417-2019-MTC/01.02,Autorizan viajes de Inspectores de la Direccion General de Aeronautica Civil a Chile Colombia y EE.UU. en comision de servicios,20220331,REAL
20190905,ECONOMIA Y FINANZAS,RESOLUCION,No 7582-2020-AUTO,DESIGNAN INTERES WARMA UNIVERSIDADES REFERENTE EN LA ECONOMIA Y FINANZAS,20150402,SINTETICO
20201127,MINISTERIO PUBLICO,RESOLUCION,No 1300-2020-MP-FN,Nombran Fiscal Adjunta Provincial Provisional del Distrito Fiscal de Madre de Dios y la designan en la Fiscalia Provincial Corporativa Especializada en Delitos de Corrupcion de Funcionarios de Madre de Dios con sede en Tambopata,20220331,REAL
20200123,PRESIDENCIA DEL CONSEJO DE MINISTROS,RESOLUCION DE ALCALDIA,No 4041-2023-FISC,MODIFICAN VIAJES MONEDA TRANSPORTE DE LA PRESIDENCIA DEL CONSEJO DE MINISTROS,20241104,SINTETICO
20201114,MINISTERIO PUBLICO,RESOLUCION MINISTERIAL,No 3172-2014-TRAN,CREAN PROCESO BANDA DOCENTES INDUSTRIAL EN EL AMBITO DE LA MINISTERIO PUBLICO,20241123,SINTETICO
20130609,CORTES SUPERIORES DE JUSTICIA,RESOLUCION JEFATURAL,No 0764-2024-NACI,RESOLUCION JEFATURAL QUE ESTABLECE TECNOLOGICO OSCE EN MATERIA DE CORTES SUPERIORES DE JUSTICIA,20230228,SINTETICO
20170917,MUNICIPALIDAD DE CHACLACAYO,ORDENANZA,No 4031-2024,APRUEBAN REFERENTE GUIA DE LA MUNICIPALIDAD DE CHACLACAYO,20170216,SINTETICO
20191231,AGRICULTURA Y RIEGO,RESOLUCION MINISTERIAL,No 4533-2025-REGL,RESOLUCION MINISTERIAL QUE ESTABLECE ENTREGA PRECISAN CANALIZACION EN MATERIA DE AGRICULTURA Y RIEGO,20181003,SINTETICO
20150522,MUNICIPALIDAD DE LINCE,RESOLUCION,No 2843-2022-PERU,DISPONEN ELECCION DENOMINACION NOTARIO ALTO RESPECTO A LA MUNICIPALIDAD DE LINCE,20240812,SINTETICO
20210126,SALUD,DECRETO DE ALCALDIA,No 7435-2020,AUTORIZAN COMERCIO DIPLOMATICA A LA SALUD,20231003,SINTETICO
20210130,ECONOMIA Y FINANZAS,RESOLUCION ADMINISTRATIVA,No 2405-2021-LIMA,DESIGNAN JUZGADOS CONVENIO PAIS EN LA ECONOMIA Y FINANZAS,20250417,SINTETICO
20130910,SUPERINTENDENCIA NACIONAL DE ADUANAS Y DE ADMINISTRACION TRIBUTARIA,RESOLUCION,No 279-2013/SUNAT,Suspenden temporalmente Disposiciones de la Resolucion de Superintendencia No 066-2013/SUNAT que crea el Sistema de Llevado del Registro de Ventas e Ingresos y de Compras de Manera Electronica en SUNAT Operaciones en Linea,20220331,REAL
20140214,SALUD,RESOLUCION MINISTERIAL,No 123-2014/MINSA,Autorizan viaje de Jefe (e) del Fondo Intangible Solidario de Salud (FISSAL) del Seguro Integral de Salud a Singapur en comision de servicios,20220331,REAL
20211217,TRANSPORTES Y COMUNICACIONES,CONVENIO,No 7485-2015,CONVENIO QUE DEROGA VERIFICACION SUTRAN ECONOMICOS EMITIDO POR LA TRANSPORTES Y COMUNICACIONES,20181228,SINTETICO
20160915,COMISION DE PROMOCION DEL PERU PARA LA EXPORTACION Y EL TURISMO,RESOLUCION MINISTERIAL,No 4283-2015-DIVE,RESOLUCION MINISTERIAL No 7579 - COMISION DE PROMOCION DEL PERU PARA LA E - CONTENIDAS SANCHEZ SOBRE,20191208,SINTETICO
20250105,SALUD,ACUERDO,No 9222-2016,ACUERDO QUE DEROGA NUEVOS AGRICULTURA SUS TERRITORIO EMITIDO POR LA SALUD,20230609,SINTETICO
20141203,JURADO NACIONAL DE ELECCIONES,RESOLUCION,No 6183-2023-DECL,SE PRORROGA DOCUMENTOS INSPECCION PARA LA JURADO NACIONAL DE ELECCIONES,20190706,SINTETICO
20240127,MUJER Y POBLACIONES VULNERABLES,DECRETO DE URGENCIA,No 9609-2022,DECRETO DE URGENCIA QUE REGULA TRAMITACION TECNOLOGICOS A CARGO DE LA MUJER Y POBLACIONES VULNERABLES,20210522,SINTETICO
20200923,CORTES SUPERIORES DE JUSTICIA,RESOLUCION,No 7064-2021-SUPR,MODIFICAN ALTERNOS TRAMITE ORGANO SOCIAL DE LA CORTES SUPERIORES DE JUSTICIA,20220224,SINTETICO
20210919,TRABAJO Y PROMOCION DEL EMPLEO,RESOLUCION MINISTERIAL,No 8388-2017-COMO,RESOLUCION MINISTERIAL No 4670 - TRABAJO Y PROMOCION DEL EMPLEO - ESPECIAL PLANES PRESTAR,20190526,SINTETICO
20250424,EDUCACION,RESOLUCION DIRECTORAL,No 7673-2013-LIMA,AUTORIZAN REALIZACION DENTRO PLIEGO ACCEDEN A LA EDUCACION,20150209,SINTETICO
20200205,AUTORIDAD NACIONAL DEL SERVICIO CIVIL,RESOLUCION DE ALCALDIA,No 5902-2020-MUNI,DISPONEN RESULTADOS JOSE PREPUBLICACION RESPECTO A LA AUTORIDAD NACIONAL DEL SERVICIO CIVIL,20200313,SINTETICO
20131225,MUNICIPALIDAD DE SAN JUAN DE MIRAFLORES,ACUERDO,No 168-2013-MDSJM,Aprueban el Presupuesto Institucional de Apertura (PIA) para el Ano Fiscal 2014 de la Municipalidad,20220331,REAL
20150606,JUSTICIA Y DERECHOS HUMANOS,RESOLUCION MINISTERIAL,No 1005-2014-DISP,RESOLUCION MINISTERIAL QUE CREA FORESTALES EDAD FORTALECIMIENTO DE JUSTICIA Y DERECHOS HUMANOS,20191210,SINTETICO
20180317,CONSEJO EJECUTIVO DEL PODER JUDICIAL,RESOLUCION DIRECTORAL,No 6635-2018-NOMB,RESOLUCION DIRECTORAL QUE ESTABLECE SUPERIOR DATOS EN MATERIA DE CONSEJO EJECUTIVO DEL PODER JUDICIAL,20130816,SINTETICO
20140210,TRANSPORTES Y COMUNICACIONES,RESOLUCION,No 0689-2015-FAVO,CREAN INSTANCIA DESTINADA VIGILANCIA RESERVA EN EL AMBITO DE LA TRANSPORTES Y COMUNICACIONES,20130222,SINTETICO
20130604,CORTES SUPERIORES DE JUSTICIA,RESOLUCION ADMINISTRATIVA,No 30-2013-CED-CSJLI/PJ,Unifican en un solo texto la Directiva sobre procedimientos para la formacion y tramitacion de cuadernos de apelacion,20220331,REAL
20200123,MUJER Y POBLACIONES VULNERABLES,RESOLUCION,No 2210-2016-REGI,RESOLUCION QUE APRUEBA CONTRIBUYENTES MINERAS DEL MUJER Y POBLACIONES VULNERABLES,20190309,SINTETICO
20140901,AUTORIDAD PORTUARIA NACIONAL,RESOLUCION JEFATURAL,No 9433-2013-INSC,APRUEBAN DIVERSAS TEMPORAL PROTOCOLO RECTIFICACION DE LA AUTORIDAD PORTUARIA NACIONAL,20230719,SINTETICO
20210728,INTERIOR,DECRETO SUPREMO,No 5614-2022,AUTORIZAN EJECUTIVA INGENIERIA A LA INTERIOR,20201031,SINTETICO
20200720,MUJER Y POBLACIONES VULNERABLES,ACUERDO,No 6046-2024,DEJAN SIN EFECTO MAXIMO VICEPRESIDENTE RECTOR DE LA MUJER Y POBLACIONES VULNERABLES,20150205,SINTETICO
20160126,MINISTERIO PUBLICO,DECRETO DE ALCALDIA,No 3082-2013,DECRETO DE ALCALDIA QUE ASIGNA PRODUCTOS FEDATARIOS CUENCA SULLANA DE MINISTERIO PUBLICO,20251201,SINTETICO
20150618,SUPERINTENDENCIA DE BANCA  SEGUROS Y ADMINISTRADORAS PRIVADAS DE FONDOS DE PENSIONES,RESOLUCION,No 3329-2015,Autorizan inscripcion de Delgado & Marchand Corredores de Seguros Sociedad Anonima Cerrada en el Registro de Intermediarios y Auxiliares de Seguros,20220331,REAL
20201130,CORTES SUPERIORES DE JUSTICIA,CIRCULAR,No 4113-2023,DESIGNAN UBICACION QUIEN PRIMERO EN LA CORTES SUPERIORES DE JUSTICIA,20230211,SINTETICO
20151222,CONSEJO SUPERIOR DEL SISTEMA NACIONAL DE EVALUACION  ACREDITACION Y CERTIFICACION DE LA CALIDAD EDUCATIVA,RESOLUCION MINISTERIAL,No 2071-2025-DAN,DISPONEN PROFESORES PUNTUAL ILEGAL NOMBRAMIENTOS RESPECTO A LA CONSEJO SUPERIOR DEL SISTEMA NACIONAL DE,20220520,SINTETICO
20210310,MUNICIPALIDAD DE PUNTA HERMOSA,ACUERDO,No 9004-2021,ACUERDO QUE MODIFICA RECURSOS HUAURA TOPE DE LA MUNICIPALIDAD DE PUNTA HERMOSA,20191104,SINTETICO
20160911,MUNICIPALIDAD DE MIRAFLORES,DECRETO DE ALCALDIA,No 8379-2017,SE APRUEBA SITUACION CONCLUIDAS HUAMANGA PARA LA MUNICIPALIDAD DE MIRAFLORES,20210410,SINTETICO
20170321,SEGURO INTEGRAL DE SALUD,RESOLUCION JEFATURAL,No 045-2017/SIS,Aprueban transferencia financiera a favor de Unidades Ejecutoras del sector salud del Gobierno Regional de Piura que otorgan servicios de salud en el Primer Nivel de Atencion a los asegurados del SIS,20220331,REAL
20180406,MUNICIPALIDAD DE INDEPENDENCIA,RESOLUCION DE ALCALDIA,No 000003-2018-MDI,Designan funcionaria responsable de brindar informacion publica de la Municipalidad,20220331,REAL
20140712,PRODUCE,RESOLUCION,No 9088-2023-TRAN,RESOLUCION QUE PRORROGA PADRON CONTENIDO CUSCO DE PRODUCE,20140907,SINTETICO
20190725,ORGANISMO DE EVALUACION Y FISCALIZACION AMBIENTAL,DECRETO SUPREMO,No 0801-2015,DECRETO SUPREMO QUE DEROGA SANTIAGO MAYO COMPRENDIDO ESTABLECEN EMITIDO POR LA ORGANISMO DE EVALUACION Y FISCALIZACION ,20180809,SINTETICO
20200912,MUNICIPALIDAD DE CHORRILLOS,RESOLUCION,No 6402-2015-PROV,RESOLUCION No 3816 - MUNICIPALIDAD DE CHORRILLOS - FISCAL COLATERALES NOMBRAMIENTO,20191020,SINTETICO
20240826,JURADO NACIONAL DE ELECCIONES,RESOLUCION SUPREMA,No 7267-2020-COMO,RESOLUCION SUPREMA No 1604 - JURADO NACIONAL DE ELECCIONES - PLANO LINCE PENSIONES SIERRA,20240117,SINTETICO
20211016,MUJER Y POBLACIONES VULNERABLES,RESOLUCION SUPREMA,No 006-2021-MIMP,Aceptan renuncia de Viceministra de la Mujer,20220331,REAL
20200801,MUNICIPALIDAD METROPOLITANA DE LIMA,RESOLUCION,No 9899-2022-PROV,RESOLUCION QUE DEROGA OTORGADA MERCADOS CONSTITUCIONAL ARTICULACION EMITIDO POR LA MUNICIPALIDAD METROPOLITANA DE LIMA,20220522,SINTETICO
20211202,CORTES SUPERIORES DE JUSTICIA,RESOLUCION ADMINISTRATIVA,No 000439-2021-P-CSJLI-PJ,Disponen acciones urgentes y complementarias a fin de garantizar la atencion al ciudadano y salvaguardar la salud de los magistrados/as trabajadores/as y publico usuario de la Corte Superior de Justicia de Lima,20220331,REAL
20240615,CULTURA,DECRETO DE ALCALDIA,No 7475-2020,APRUEBAN PARTIDO APELACION PERUANA DE LA CULTURA,20130129,SINTETICO
20251119,ORGANISMO DE EVALUACION Y FISCALIZACION AMBIENTAL,ORDENANZA,No 9181-2020,APRUEBAN NULIDAD PADRON LEY EXTREMO DE LA ORGANISMO DE EVALUACION Y FISCALIZACION ,20230427,SINTETICO
20180801,COMISION NACIONAL PARA EL DESARROLLO Y VIDA SIN DROGAS,RESOLUCION,No 072-2018-DV-PE,Designan Gerente General de DEVIDA,20220331,REAL
20230103,TRANSPORTES Y COMUNICACIONES,RESOLUCION ADMINISTRATIVA,No 4789-2023-PROV,AUTORIZAN CONDUCCION PACIFICO FACTIBILIDAD A LA TRANSPORTES Y COMUNICACIONES,20170108,SINTETICO
20161113,TRANSPORTES Y COMUNICACIONES,DECRETO LEGISLATIVO,No 1191-2025,DECRETO LEGISLATIVO QUE APRUEBA ILEGAL PROPIO PUBLICO ITP DEL TRANSPORTES Y COMUNICACIONES,20250510,SINTETICO
20160724,SALUD,RESOLUCION,No 4497-2013-ANO,APRUEBAN TESORERIA JOSE CULTURAL CONCYTEC DE LA SALUD,20200514,SINTETICO
20230903,PRESIDENCIA DEL CONSEJO DE MINISTROS,RESOLUCION,No 2491-2024-DIST,DISPONEN CUMPLIMIENTO PAISES REFERIDA RESPECTO A LA PRESIDENCIA DEL CONSEJO DE MINISTROS,20200426,SINTETICO
20220514,CULTURA,RESOLUCION DIRECTORAL,No 000038-2022-DGPA,Determinan la Proteccion Provisional del Paisaje Arqueologico Hatun Cancolla ubicado en el distrito de Caracoto provincia de San Roman departamento de Puno,20221231,REAL
20250525,ORGANISMO SUPERVISOR DE LA INVERSION EN ENERGIA Y MINERIA,RESOLUCION MINISTERIAL,No 0459-2020-REGL,APRUEBAN RESERVA CERRO SUPERVISION INSTRUCTIVO DE LA ORGANISMO SUPERVISOR DE LA INVERSION EN ,20180226,SINTETICO
20190518,JUSTICIA Y DERECHOS HUMANOS,RESOLUCION,No 1205-2025-DISP,RESOLUCION QUE MODIFICA DIRECTOR TRIMESTRE CONVENIO PUBLICAR DE LA JUSTICIA Y DERECHOS HUMANOS,20211126,SINTETICO
20130616,AMBIENTE,RESOLUCION,No 6047-2013-DESI,RESOLUCION No 9093 - AMBIENTE - ADQUISICION ENFERMEDADES INVERSION,20220726,SINTETICO
20241229,DEFENSA,RESOLUCION MINISTERIAL,No 5667-2017-DESI,CREAN CIUDADANA ACTAS TOTALES SUJETOS EN EL AMBITO DE LA DEFENSA,20170926,SINTETICO
20160812,CORTES SUPERIORES DE JUSTICIA,DECRETO DE ALCALDIA,No 6081-2016,DECRETO DE ALCALDIA QUE REGULA DOCUMENTACION LIBRE ONPE FECHAS A CARGO DE LA CORTES SUPERIORES DE JUSTICIA,20210918,SINTETICO
20140526,CORTES SUPERIORES DE JUSTICIA,RESOLUCION MINISTERIAL,No 9500-2013-NOMB,SE ASIGNA ORDEN EXCLUIR RECLAMOS UNIDO PARA LA CORTES SUPERIORES DE JUSTICIA,20171006,SINTETICO
20140202,FONDO NACIONAL DE FINANCIAMIENTO DE LA ACTIVIDAD EMPRESARIAL DEL ESTADO,RESOLUCION,No 4501-2021-ANO,RESOLUCION QUE REGULA CATEGORIA DUPLICADO CANALIZACION FACTOR A CARGO DE LA FONDO NACIONAL DE FINANCIAMIENTO DE LA A,20180703,SINTETICO
20191008,PRODUCE,RESOLUCION,No 8744-2015-SAN,SE DELEGA TUSNE SAN PARA LA PRODUCE,20201229,SINTETICO
20231125,PRODUCE,RESOLUCION MINISTERIAL,No 7798-2022-COMO,DEJAN SIN EFECTO LURIGANCHO VENTA TESORERIA RES DE LA PRODUCE,20220922,SINTETICO
20211012,PRODUCE,RESOLUCION,No 7856-2015-SUPR,CREAN PROGRAMATICO NACIONES JEFE EN EL AMBITO DE LA PRODUCE,20170220,SINTETICO
20160416,SUPERINTENDENCIA DE BANCA  SEGUROS Y ADMINISTRADORAS PRIVADAS DE FONDOS DE PENSIONES,RESOLUCION,No 2167-2016,Autorizan viaje de funcionaria al Reino de los Paises Bajos en comision de servicios,20220331,REAL
20210316,MUNICIPALIDAD DE SAN ISIDRO,RESOLUCION MINISTERIAL,No 6311-2014-FAVO,RESOLUCION MINISTERIAL QUE ESTABLECE SUSPENSION PERMANENCIA BOLIVIA EN MATERIA DE MUNICIPALIDAD DE SAN ISIDRO,20210901,SINTETICO
20251201,CONSEJO EJECUTIVO DEL PODER JUDICIAL,RESOLUCION,No 9263-2014-DIST,RESOLUCION QUE REGULA MIDIS DIRECTORA ESTABLECIO PARTE DE CONSEJO EJECUTIVO DEL PODER JUDICIAL,20241011,SINTETICO
20160320,CORTES SUPERIORES DE JUSTICIA,RESOLUCION ADMINISTRATIVA,No 126-2016-P-CSJLI/PJ,Establecen conformacion de diversas salas contenciosas administrativas y designan magistrados en diversos organos jurisdiccionales de la Corte Superior de Justicia de Lima,20220331,REAL
20190101,MINISTERIO PUBLICO,RESOLUCION MINISTERIAL,No 6328-2017-SUPR,SE REGULA PERITOS USUARIOS CANDIDATA SUBPREFECTOS PARA LA MINISTERIO PUBLICO,20220710,SINTETICO
20170218,CULTURA,RESOLUCION VICE MINISTERIAL,No 015-2017-VMPCIC-MC,Retiran la condicion cultural de Monumento a inmueble ubicado en el departamento de Piura,20220331,REAL
20130306,EDUCACION,RESOLUCION MINISTERIAL,No 5691-2022-REGI,AUTORIZAN SANEAMIENTO INDECOPI A LA EDUCACION,20210812,SINTETICO
20160303,JURADO NACIONAL DE ELECCIONES,RESOLUCION,No 0063-2017-ACEP,RESOLUCION QUE MODIFICA CONTINUIDAD PERIODO VENEZUELA COLOMBIA DE LA JURADO NACIONAL DE ELECCIONES,20160915,SINTETICO
20241026,AGRICULTURA Y RIEGO,RESOLUCION JEFATURAL,No 9796-2018-DISP,DISPONEN CERRO COMUNES MINISTRA RESPECTO A LA AGRICULTURA Y RIEGO,20130514,SINTETICO
20150925,MUNICIPALIDAD DE SAN MARTIN DE PORRES,RESOLUCION MINISTERIAL,No 3212-2014-JUST,RESOLUCION MINISTERIAL QUE ESTABLECE DEPENDIENTE INFORME PENITENCIARIO DESIGNACION EN MATERIA DE MUNICIPALIDAD DE SAN MARTIN DE PORRES,20191031,SINTETICO
20250121,MINISTERIO PUBLICO,RESOLUCION,No 6586-2021-SALU,AUTORIZAN ASUMA UNIVERSAL A LA MINISTERIO PUBLICO,20230226,SINTETICO
20180204,TRANSPORTES Y COMUNICACIONES,RESOLUCION SUPREMA,No 5855-2024-SUPE,MODIFICAN PROVISIONALMENTE PASANTIA DE LA TRANSPORTES Y COMUNICACIONES,20170813,SINTETICO
20150531,COMISION NACIONAL PARA EL DESARROLLO Y VIDA SIN DROGAS,RESOLUCION,No 3121-2023-PERU,RESOLUCION QUE ESTABLECE ECUADOR VOCALES REGULACION EN MATERIA DE COMISION NACIONAL PARA EL DESARROLLO Y V,20181019,SINTETICO
20140404,SUPERINTENDENCIA DE BANCA  SEGUROS Y ADMINISTRADORAS PRIVADAS DE FONDOS DE PENSIONES,RESOLUCION,No 1700-2014,Autorizan la inscripcion de personas naturales en el Registro de Intermediarios y Auxiliares de Seguros,20220331,REAL
20180918,INTERIOR,RESOLUCION,No 4460-2020-PERU,RESOLUCION QUE APRUEBA RECLAMOS ANTONIO SOBRE CUERPO DEL INTERIOR,20130421,SINTETICO
20190314,JUSTICIA Y DERECHOS HUMANOS,RESOLUCION,No 5714-2019-DIVE,DEJAN SIN EFECTO RECTOR APROBAR DE LA JUSTICIA Y DERECHOS HUMANOS,20230408,SINTETICO
20170406,SALUD,RESOLUCION MINISTERIAL,No 220-2017/MINSA,Designan profesionales en diversos cargos de la Oficina General de Planeamiento Presupuesto y Modernizacion del Ministerio y disponen que brinden sus servicios en el Programa Nacional de Inversiones en Salud - PRONIS,20220331,REAL
20250319,OFICINA NACIONAL DE PROCESOS ELECTORALES,RESOLUCION MINISTERIAL,No 7839-2022-PROV,CREAN HOC PERMANENTES DESARROLLO SUPERVISION EN EL AMBITO DE LA OFICINA NACIONAL DE PROCESOS ELECTORALES,20190522,SINTETICO
20151114,MUNICIPALIDAD DE ATE,DECRETO SUPREMO,No 3372-2014,DECRETO SUPREMO QUE DEROGA PLANTAS INSPECTORES DANOS EMITIDO POR LA MUNICIPALIDAD DE ATE,20241115,SINTETICO
20130611,ENERGIA Y MINAS,RESOLUCION JEFATURAL,No 6483-2016-NOMB,DEJAN SIN EFECTO MAGISTRADO VENTA EDICION ACTOS DE LA ENERGIA Y MINAS,20180501,SINTETICO
20171010,ENERGIA Y MINAS,RESOLUCION MINISTERIAL,No 1582-2015-NOMB,RESOLUCION MINISTERIAL QUE ESTABLECE ADUANA ADMINISTRADOR TECNICAS EN MATERIA DE ENERGIA Y MINAS,20170417,SINTETICO
20190111,JURADO NACIONAL DE ELECCIONES,ORDENANZA,No 8602-2025,DEJAN SIN EFECTO INCLUSIVO AMAZONIA ASI COMPETENCIA DE LA JURADO NACIONAL DE ELECCIONES,20180808,SINTETICO
20180412,GOBIERNO REGIONAL DE AREQUIPA,ORDENANZA,No 3057-2014,APRUEBAN PNP FUNCIONES VENTAS DE LA GOBIERNO REGIONAL DE AREQUIPA,20231005,SINTETICO
20210521,TRANSPORTES Y COMUNICACIONES,RESOLUCION DIRECTORAL,No 1538-2019-LEY,RESOLUCION DIRECTORAL No 4431 - TRANSPORTES Y COMUNICACIONES - ASUMA MINSA LIBERTAD,20190713,SINTETICO
20180513,TRANSPORTES Y COMUNICACIONES,CIRCULAR,No 1635-2025,MODIFICAN CONSUMO CESAN MPE DE LA TRANSPORTES Y COMUNICACIONES,20151130,SINTETICO
20150210,JUSTICIA Y DERECHOS HUMANOS,RESOLUCION MINISTERIAL,No 8209-2017-MUNI,RESOLUCION MINISTERIAL QUE APRUEBA IMPUESTA ALIANZA DE JUSTICIA Y DERECHOS HUMANOS,20180528,SINTETICO
20250415,JURADO NACIONAL DE ELECCIONES,RESOLUCION,No 5374-2021-PUBL,RESOLUCION QUE DEROGA DESCONCENTRADA CUMPLIR VICTORIA EMITIDO POR LA JURADO NACIONAL DE ELECCIONES,20150214,SINTETICO
20190415,MUNICIPALIDAD PROVINCIAL DE CAnETE,RESOLUCION SUPREMA,No 7567-2017-MINI,DISPONEN ACTUADO DEPORTE EXTERIOR MARZO RESPECTO A LA MUNICIPALIDAD PROVINCIAL DE CAnETE,20241204,SINTETICO
20181017,ENERGIA Y MINAS,RESOLUCION,No 6423-2022-PERU,SE INCORPORA ADMINISTRACION AGRARIA PARA LA ENERGIA Y MINAS,20201126,SINTETICO
20250819,AGRICULTURA Y RIEGO,RESOLUCION SUPREMA,No 5344-2025-MINI,DESIGNAN MENORES COMPRENDE EN LA AGRICULTURA Y RIEGO,20161220,SINTETICO
20200906,JURADO NACIONAL DE ELECCIONES,RESOLUCION,No 0230-2020-JNE,Convocan a ciudadano para que asuma el cargo de regidor del Concejo Distrital de Pataz provincia de Pataz departamento de La Libertad,20220331,REAL
20220214,GOBIERNO REGIONAL DEL CUSCO,RESOLUCION,No 4290-2016-DIVE,RESOLUCION QUE ESTABLECE UNIDAD PREPARATORIA DE GOBIERNO REGIONAL DEL CUSCO,20130527,SINTETICO
20231112,TRANSPORTES Y COMUNICACIONES,RESOLUCION,No 1958-2021-ACEP,DISPONEN OBRAS ACCEDEN DEUDA RESPECTO A LA TRANSPORTES Y COMUNICACIONES,20240918,SINTETICO
20151229,ORGANISMO SUPERVISOR DE LA INVERSION EN INFRAESTRUCTURA DE TRANSPORTE DE USO PUBLICO,RESOLUCION,No 072-2015-CD-OSITRAN,Aprueban inicio de procedimiento de fijacion tarifaria de oficio de diversos servicios estandar en el Nuevo Terminal Portuario de Yurimaguas - Nueva Reforma,20220331,REAL
20130228,COMISION NACIONAL PARA EL DESARROLLO Y VIDA SIN DROGAS,RESOLUCION,No 5840-2018-OFIC,RESOLUCION QUE APRUEBA INDICADORES GRAN DEL COMISION NACIONAL PARA EL DESARROLLO Y V,20131215,SINTETICO
20200425,JUSTICIA Y DERECHOS HUMANOS,RESOLUCION VICE MINISTERIAL,No 9600-2021-LIMA,DEJAN SIN EFECTO LOGISTICA PROFESORES DE LA JUSTICIA Y DERECHOS HUMANOS,20210729,SINTETICO
20170513,INSTITUTO NACIONAL DE ESTADISTICA E INFORMATICA,RESOLUCION MINISTERIAL,No 9819-2025-MODI,RESOLUCION MINISTERIAL QUE APRUEBA SUBVENCIONES AMPLIAN CORRESPONDIENTE GENERALES DEL INSTITUTO NACIONAL DE ESTADISTICA E INFO,20190113,SINTETICO
20201112,ENERGIA Y MINAS,RESOLUCION MINISTERIAL,No 4360-2016-INSC,DISPONEN HUAURA REOS RESPECTO A LA ENERGIA Y MINAS,20220807,SINTETICO
20230919,CONSEJO EJECUTIVO DEL PODER JUDICIAL,RESOLUCION ADMINISTRATIVA,No 000392-2023-CE-PJ,Establecen conformacion de los Grupos de Trabajo para la Gestion del Riesgo de Desastres de las Cortes Superiores de Justicia,20231231,REAL
20210101,MUJER Y POBLACIONES VULNERABLES,RESOLUCION MINISTERIAL,No 342-2020-MIMP,Designan miembro del Directorio de la Sociedad de Beneficencia de Cajamarca en representacion del Ministerio,20220331,REAL
20161221,ECONOMIA Y FINANZAS,RESOLUCION,No 3213-2018-SALU,CREAN ZONA OSINERGMIN EN EL AMBITO DE LA ECONOMIA Y FINANZAS,20200523,SINTETICO
20211031,ECONOMIA Y FINANZAS,RESOLUCION MINISTERIAL,No 7517-2016-DISP,MODIFICAN DISTRIBUCION PROVINCIALES IMPORTACION DE LA ECONOMIA Y FINANZAS,20191214,SINTETICO
20161231,INSTITUTO GEOLOGICO MINERO Y METALURGICO,RESOLUCION,No 147-2016-INGEMMET/PCD,Aceptan renuncia de Asesor en Investigacion Geologica de la Presidencia del Consejo Directivo del INGEMMET,20220331,REAL
20250719,CULTURA,ACUERDO,No 9709-2020,DISPONEN PRESENTADA DISPONEN FONDOS RESPECTO A LA CULTURA,20161102,SINTETICO
20200205,MUNICIPALIDAD DE MI PERU,RESOLUCION MINISTERIAL,No 0584-2016-COMI,RESOLUCION MINISTERIAL QUE APRUEBA AMPLIAN SIERRA USO DEL MUNICIPALIDAD DE MI PERU,20240707,SINTETICO
20241003,MUJER Y POBLACIONES VULNERABLES,RESOLUCION,No 9895-2013-VIAJ,RESOLUCION QUE MODIFICA PNP ORGANIZADO OTORGADAS BELLAVISTA DE LA MUJER Y POBLACIONES VULNERABLES,20161210,SINTETICO
20170725,MUNICIPALIDAD DE SANTIAGO DE SURCO,ACUERDO,No 61-2017-ACSS,Condecoran con la Medalla al Merito de la Orden Santiago Apostol a diversas personalidades,20220331,REAL
20151209,TRANSPORTES Y COMUNICACIONES,RESOLUCION,No 1299-2019-VIAJ,MODIFICAN INFORME CIVIL EXTRACCION MINISTERIO DE LA TRANSPORTES Y COMUNICACIONES,20130423,SINTETICO
20180806,PRESIDENCIA DEL CONSEJO DE MINISTROS,RESOLUCION MINISTERIAL,No 1806-2023-SAN,RESOLUCION MINISTERIAL QUE MODIFICA DISCIPLINARIA DETERMINACION AUTORIZACION DE LA PRESIDENCIA DEL CONSEJO DE MINISTROS,20171002,SINTETICO
20191004,DESARROLLO E INCLUSION SOCIAL,RESOLUCION JEFATURAL,No 9634-2022-SALU,AUTORIZAN REGISTROS SALVADOR FACTOR COMUNES A LA DESARROLLO E INCLUSION SOCIAL,20191215,SINTETICO
20180426,COMERCIO EXTERIOR Y TURISMO,RESOLUCION,No 5233-2020-DEPA,MODIFICAN ECONOMICA FINANCIERO DE LA COMERCIO EXTERIOR Y TURISMO,20210216,SINTETICO
20140313,MUNICIPALIDAD PROVINCIAL DEL SANTA,ORDENANZA,No 006-2014-MPS,Aprueban el Reglamento de Infracciones y Sanciones Administrativas (RISA) de la Municipalidad Provincial del Santa,20220331,REAL
20140325,CONSEJO EJECUTIVO DEL PODER JUDICIAL,RESOLUCION,No 6792-2015-FAVO,SE APRUEBA REAJUSTE ENTRADA PARA LA CONSEJO EJECUTIVO DEL PODER JUDICIAL,20230921,SINTETICO
20250407,MUNICIPALIDAD DE LOS OLIVOS,RESOLUCION,No 0842-2019-SUPE,SE INCORPORA AUTORIZAN REGIONES TRIBUTOS PARA LA MUNICIPALIDAD DE LOS OLIVOS,20240219,SINTETICO
20190613,VIVIENDA  CONSTRUCCION Y SANEAMIENTO,RESOLUCION MINISTERIAL,No 3397-2017-ANO,RESOLUCION MINISTERIAL QUE MODIFICA PASAJEROS ABASTECIMIENTO GRADO MERITO DE LA VIVIENDA  CONSTRUCCION Y SANEAMIENTO,20180925,SINTETICO
20210606,SUPERINTENDENCIA DE BANCA  SEGUROS Y ADMINISTRADORAS PRIVADAS DE FONDOS DE PENSIONES,RESOLUCION MINISTERIAL,No 8329-2015-DIST,DEJAN SIN EFECTO CONDENA DETERMINACION DE LA SUPERINTENDENCIA DE BANCA  SEGUROS Y ADM,20240601,SINTETICO
20131231,INTERIOR,RESOLUCION SUPREMA,No 6854-2014-ORDE,RESOLUCION SUPREMA QUE DESIGNA ALEMANIA REOS BRETANA COMUNICACION DE INTERIOR,20240505,SINTETICO
20240806,MINISTERIO PUBLICO,RESOLUCION,No 4272-2017-MUNI,RESOLUCION QUE MODIFICA INTELIGENCIA MIXTA DE LA MINISTERIO PUBLICO,20231115,SINTETICO
20160203,MUNICIPALIDAD METROPOLITANA DE LIMA,RESOLUCION MINISTERIAL,No 6259-2024-DEPA,AUTORIZAN FEDERACION DUPLICADO A LA MUNICIPALIDAD METROPOLITANA DE LIMA,20151126,SINTETICO
20170313,DEFENSA,ORDENANZA,No 1802-2025,ORDENANZA QUE DEROGA MARITIMA CARRION SIN EMITIDO POR LA DEFENSA,20150307,SINTETICO
20220627,PRESIDENCIA DEL CONSEJO DE MINISTROS,RESOLUCION SUPREMA,No 176-2022-PCM,Autorizan viaje de la Ministra de la Mujer y Poblaciones Vulnerables a Chile y encargan su Despacho al Ministro de Comercio Exterior y Turismo,20221231,REAL
20211018,AGRICULTURA Y RIEGO,RESOLUCION,No 1452-2025-DESI,AUTORIZAN FEDERATIVA DESIGNANDOLO GUATEMALA A LA AGRICULTURA Y RIEGO,20140811,SINTETICO
20241209,COMISION DE PROMOCION DEL PERU PARA LA EXPORTACION Y EL TURISMO,RESOLUCION MINISTERIAL,No 4369-2019-MINI,DISPONEN TRIMESTRE PROVINCIAL PRIVADO RESPECTO A LA COMISION DE PROMOCION DEL PERU PARA LA E,20240103,SINTETICO
20210821,SALUD,RESOLUCION MINISTERIAL,No 1377-2016-SUPE,RESOLUCION MINISTERIAL No 3334 - SALUD - CALENDARIO PARTICIPAR CIUDADANIA BLICA,20210327,SINTETICO
20151126,INSTITUCIONES EDUCATIVAS,RESOLUCION MINISTERIAL,No 3024-2015-PERU,MODIFICAN ILICITO URBANA JARDINES JAPON DE LA INSTITUCIONES EDUCATIVAS,20230927,SINTETICO
20160512,TRANSPORTES Y COMUNICACIONES,RESOLUCION,No 3987-2013-REGI,DESIGNAN ANEXO ESTACIONAMIENTO CAJA PROPIO EN LA TRANSPORTES Y COMUNICACIONES,20150306,SINTETICO
20160905,ORGANISMO SUPERVISOR DE LA INVERSION EN ENERGIA Y MINERIA,RESOLUCION MINISTERIAL,No 0364-2016-FISC,APRUEBAN ORGANIZADORA MDS DOMICILIO PRESIDENTA DE LA ORGANISMO SUPERVISOR DE LA INVERSION EN ,20170331,SINTETICO
20210422,SALUD,DECRETO SUPREMO,No 2562-2021,SE REGULA SUPERNUMERARIOS DISPUSO NULO PARA LA SALUD,20200112,SINTETICO
20161225,MINISTERIO PUBLICO,RESOLUCION,No 3099-2024-DIST,RESOLUCION QUE DEROGA ESTRATEGICAS INTEGRIDAD OLIVOS EMITIDO POR LA MINISTERIO PUBLICO,20141211,SINTETICO
20160808,SERVICIO NACIONAL DE AREAS NATURALES PROTEGIDAS POR EL ESTADO,RESOLUCION,No 198-2016-SERNANP,Aprueban Plan Maestro de la Reserva Comunal Amarakaeri para el periodo 2016 - 2020,20220331,REAL
20160219,EDUCACION,RESOLUCION VICE MINISTERIAL,No 026-2016-MINEDU,Modifican el cuarto informe del Anexo A9 de Instructivo aprobado por R.VM. No 0038-2013-ED,20220331,REAL
20130227,AGENCIA DE COMPRAS DE LAS FUERZAS ARMADAS,RESOLUCION MINISTERIAL,No 2521-2017-ACEP,RESOLUCION MINISTERIAL No 0941 - AGENCIA DE COMPRAS DE LAS FUERZAS ARMADA - PROPIEDAD PRIVADA METROPOLITANA INFRAESTRUCTURA,20160608,SINTETICO
20240203,ECONOMIA Y FINANZAS,FE DE ERRATA,No 4162-2025,FE DE ERRATA QUE APRUEBA PUESTO SUPERNUMERARIOS INVESTIGACIONES DEL ECONOMIA Y FINANZAS,20221129,SINTETICO
20200917,MUNICIPALIDAD METROPOLITANA DE LIMA,RESOLUCION DIRECTORAL,No 3552-2019-SUPR,RESOLUCION DIRECTORAL No 1060 - MUNICIPALIDAD METROPOLITANA DE LIMA - INTERPUESTAS JUSTICIA POLITICO,20131004,SINTETICO
20241126,TRANSPORTES Y COMUNICACIONES,RESOLUCION,No 9630-2024-DECR,SE DELEGA EXPLOTACION MAYNAS PRESIDENCIAL EFECTUAR PARA LA TRANSPORTES Y COMUNICACIONES,20171206,SINTETICO
20131206,CORTES SUPERIORES DE JUSTICIA,RESOLUCION,No 8395-2019-ORDE,RESOLUCION No 0948 - CORTES SUPERIORES DE JUSTICIA - PROHIBE SIS ORGANIZADO OTASS,20250601,SINTETICO
20161210,SALUD,RESOLUCION,No 7259-2014-ACEP,MODIFICAN TERMINO LABOR MPE OTORGADA DE LA SALUD,20220702,SINTETICO
20161130,MINISTERIO PUBLICO,RESOLUCION MINISTERIAL,No 2893-2016-MODI,RESOLUCION MINISTERIAL QUE MODIFICA CAPACITACION TAMBOPATA GAMBETTA AGRO DE LA MINISTERIO PUBLICO,20211222,SINTETICO
20181222,INSTITUCIONES EDUCATIVAS,RESOLUCION MINISTERIAL,No 4369-2016-SERV,RESOLUCION MINISTERIAL No 7661 - INSTITUCIONES EDUCATIVAS - INFUNDADO COLATERALES,20210619,SINTETICO
20190322,CORTES SUPERIORES DE JUSTICIA,DECRETO DE ALCALDIA,No 4559-2022,AUTORIZAN CONSTITUCION COVID VEHICULOS A LA CORTES SUPERIORES DE JUSTICIA,20210924,SINTETICO
20220719,TRABAJO Y PROMOCION DEL EMPLEO,DECRETO DE ALCALDIA,No 1111-2015,DECRETO DE ALCALDIA QUE MODIFICA EMBARCACIONES COVID INCORPORACION DE LA TRABAJO Y PROMOCION DEL EMPLEO,20200408,SINTETICO
20200909,MUNICIPALIDAD DE LA MOLINA,RESOLUCION,No 4946-2020-PERU,RESOLUCION QUE ESTABLECE RESERVA EJE EN MATERIA DE MUNICIPALIDAD DE LA MOLINA,20230922,SINTETICO
20160307,TRABAJO Y PROMOCION DEL EMPLEO,RESOLUCION DIRECTORAL,No 1770-2023-NOMB,DESIGNAN FONDEPES ESTATUTO TRIBUTOS ALCALDE EN LA TRABAJO Y PROMOCION DEL EMPLEO,20160828,SINTETICO
20150513,DECRETOS LEGISLATIVOS,RESOLUCION,No 1952-2016-DAN,DEJAN SIN EFECTO SUPREMOS FORMALIZACION PROVIAS MEXICO DE LA DECRETOS LEGISLATIVOS,20250519,SINTETICO
20220516,MINISTERIO PUBLICO,ORDENANZA,No 2181-2020,DEJAN SIN EFECTO OFICIALES PORTUARIO DE LA MINISTERIO PUBLICO,20180129,SINTETICO
20210204,ORGANISMO TeCNICO DE LA ADMINISTRACIoN DE LOS SERVICIOS DE SANEAMIENTO,RESOLUCION MINISTERIAL,No 9491-2020-REPU,DISPONEN MERCADO SUNAFIL VILLARREAL PUERTO RESPECTO A LA ORGANISMO TeCNICO DE LA ADMINISTRACIoN D,20211227,SINTETICO
20140612,MUNICIPALIDAD DE SAN JUAN DE LURIGANCHO,RESOLUCION SUPREMA,No 1640-2019-ACEP,CREAN CERTIFICADO PLAZA EN EL AMBITO DE LA MUNICIPALIDAD DE SAN JUAN DE LURIGANCHO,20251126,SINTETICO
20220405,AGRICULTURA Y RIEGO,DECRETO LEGISLATIVO,No 2456-2019,CREAN BRETANA UNIFICADOS EN EL AMBITO DE LA AGRICULTURA Y RIEGO,20231020,SINTETICO
20191110,SUPERINTENDENCIA DE BANCA  SEGUROS Y ADMINISTRADORAS PRIVADAS DE FONDOS DE PENSIONES,DECRETO SUPREMO,No 4621-2018,DISPONEN FEDERICO MINCETUR PADRON PRORROGA RESPECTO A LA SUPERINTENDENCIA DE BANCA  SEGUROS Y ADM,20170606,SINTETICO
20170202,SALUD,RESOLUCION,No 3413-2013-SAN,RESOLUCION QUE ESTABLECE UCAYALI PRODUCTOS OSIPTEL EN MATERIA DE SALUD,20210629,SINTETICO
20180704,INSTITUCIONES EDUCATIVAS,RESOLUCION ADMINISTRATIVA,No 4278-2021-PUBL,SE ASIGNA DENOMINADO INTEGRANTE EFECTUAR FEDATARIOS PARA LA INSTITUCIONES EDUCATIVAS,20210713,SINTETICO
20211212,DEFENSA,RESOLUCION DIRECTORAL,No 6913-2013-PUBL,APRUEBAN FALLECIMIENTO CENTROS DE LA DEFENSA,20150920,SINTETICO
20150228,CORTES SUPERIORES DE JUSTICIA,RESOLUCION SUPREMA,No 4113-2023-COMI,RESOLUCION SUPREMA QUE DEROGA EJECUTORAS TACHA MONEDA EMITIDO POR LA CORTES SUPERIORES DE JUSTICIA,20201204,SINTETICO
20160921,COMERCIO EXTERIOR Y TURISMO,RESOLUCION,No 2159-2020-PROV,RESOLUCION QUE APRUEBA CONSEJO MDP TECNOLOGICOS DEL COMERCIO EXTERIOR Y TURISMO,20170621,SINTETICO
20150906,MUNICIPALIDAD DE MI PERU,FE DE ERRATA,No 4290-2020,AUTORIZAN REFORMA ANEXOS PROGRAMA A LA MUNICIPALIDAD DE MI PERU,20230718,SINTETICO
20220615,CONSEJO SUPERIOR DEL SISTEMA NACIONAL DE EVALUACION  ACREDITACION Y CERTIFICACION DE LA CALIDAD EDUCATIVA,RESOLUCION,No 000032-2022-SINEACE/P,Designan Ejecutiva de la Direccion de Evaluacion y Politicas del Sineace,20221231,REAL
20210710,CONSEJO EJECUTIVO DEL PODER JUDICIAL,DECRETO SUPREMO,No 3610-2013,DISPONEN PRIORIDAD CUENTAS ENTREGA RESPECTO A LA CONSEJO EJECUTIVO DEL PODER JUDICIAL,20250613,SINTETICO
20220402,SEGURO INTEGRAL DE SALUD,RESOLUCION JEFATURAL,No 071-2022/SIS,Designan Gerente Adjunto de la Gerencia del Asegurado del Seguro Integral de Salud,20221231,REAL
20220905,TRABAJO Y PROMOCION DEL EMPLEO,RESOLUCION,No 1417-2025-DIST,DESIGNAN DUPLICADOS INFORMACION ESTRATEGICO RESULTADOS EN LA TRABAJO Y PROMOCION DEL EMPLEO,20220309,SINTETICO
20221116,AUTORIDAD NACIONAL DEL AGUA,RESOLUCION,No 0079-2022-ANA-GG,Aprueban el Manual de Clasificador de Cargos de la Autoridad Nacional del Agua - ANA,20221231,REAL
20220613,CORTES SUPERIORES DE JUSTICIA,RESOLUCION ADMINISTRATIVA,No 000210-2022-P-CSJLI-PJ,Establecen que las audiencias vistas de causa juicios orales y otras actuaciones judiciales programadas para el dia lunes 13 de junio de 2022 en la Corte Superior de Justicia de Lima deberan realizarse en forma virtual  dejan sin efecto la Res. Adm. No 000209-2022-P-CSJLI-PJ y dictan otras disposiciones,20221231,REAL
20191206,MUNICIPALIDAD DE SAN MARTIN DE PORRES,RESOLUCION MINISTERIAL,No 9812-2020-DESI,RESOLUCION MINISTERIAL QUE DEROGA TERRITORIAL JARDINES ANDAHUAYLAS EMITIDO POR LA MUNICIPALIDAD DE SAN MARTIN DE PORRES,20220109,SINTETICO
20220516,AGRICULTURA Y RIEGO,RESOLUCION MINISTERIAL,No 2275-2014-PERU,APRUEBAN EXPEDICION POBLADO DE LA AGRICULTURA Y RIEGO,20240128,SINTETICO
20210722,ORGANISMO SUPERVISOR DE INVERSION PRIVADA EN TELECOMUNICACIONES,INVESTIGACION,No 0060-2019,INVESTIGACION QUE REGULA MAYNAS SUSPENDEN CIERRE PRONTO A CARGO DE LA ORGANISMO SUPERVISOR DE INVERSION PRIVAD,20230611,SINTETICO
20221106,JURADO NACIONAL DE ELECCIONES,RESOLUCION,No 7994-2022-DESI,RESOLUCION QUE APRUEBA MERCADOS COSTA GERENCIA DEL JURADO NACIONAL DE ELECCIONES,20180513,SINTETICO
20240803,SUPERINTENDENCIA DEL MERCADO DE VALORES,RESOLUCION,No 7790-2021-PROV,MODIFICAN MENSUAL LUCHA DE LA SUPERINTENDENCIA DEL MERCADO DE VALORES,20251021,SINTETICO
20131123,MUNICIPALIDAD DE ATE,ORDENANZA,No 6065-2014,DISPONEN SERENAZGO CONVOCATORIA RESPECTO A LA MUNICIPALIDAD DE ATE,20230523,SINTETICO
20190905,JUSTICIA Y DERECHOS HUMANOS,RESOLUCION SUPREMA,No 197-2019-JUS,Revocan extradicion activa de ciudadano peruano a Espana y dejan sin efecto la R.S. No 137-2016-JUS,20220331,REAL
20150210,MINISTERIO PUBLICO,RESOLUCION,No 6592-2022-LEY,MODIFICAN CONCERTADO TARIFAS DE LA MINISTERIO PUBLICO,20201230,SINTETICO
20160602,SUPERINTENDENCIA DEL MERCADO DE VALORES,RESOLUCION MINISTERIAL,No 1181-2015-DESI,MODIFICAN REFORMA PUERTO DE LA SUPERINTENDENCIA DEL MERCADO DE VALORES,20180120,SINTETICO
20141025,PRESIDENCIA DEL CONSEJO DE MINISTROS,RESOLUCION MINISTERIAL,No 241-2014-PCM,Aprueban Directiva No 001-2014-PCM/ONGEI Directiva sobre Estandares de Servicios Web de Informacion Georreferenciada para el Intercambio de Datos entre Entidades de la Administracion Publica,20220331,REAL
20230804,DESARROLLO AGRARIO Y RIEGO,RESOLUCION,No 5393-2016-ORDE,RESOLUCION QUE REGULA TURISMO PASAN ZONIFICACION ONPE A CARGO DE LA DESARROLLO AGRARIO Y RIEGO,20190625,SINTETICO
20131010,SUPERINTENDENCIA DE BANCA  SEGUROS Y ADMINISTRADORAS PRIVADAS DE FONDOS DE PENSIONES,DECRETO DE ALCALDIA,No 8694-2013,DECRETO DE ALCALDIA QUE ESTABLECE COMPLEMENTARIAS ENTIDADES EN MATERIA DE SUPERINTENDENCIA DE BANCA  SEGUROS Y ADM,20240501,SINTETICO
20190108,PRODUCE,RESOLUCION,05-2018-PRODUCE/PNACP,Aprueban la formalizacion de la Estrategia de Intervencion PESCAEduca del Programa Nacional A Comer Pescado,20220331,REAL
20181215,MUNICIPALIDAD DE ATE,ORDENANZA,No 489-MDSA,Ordenanza que aprueba las fechas de vencimiento de obligaciones tributarias para el ejercicio 2019,20220331,REAL
20160520,ORGANISMO SUPERVISOR DE INVERSION PRIVADA EN TELECOMUNICACIONES,RESOLUCION,No 061-2016-CD/OSIPTEL,Aprueban la publicacion en el Portal Electronico del OSIPTEL del Proyecto de Norma que modifica el Reglamento General de Calidad de los Servicios Publicos de Telecomunicaciones,20220331,REAL
20161009,INTERIOR,ORDENANZA,No 5238-2014,SE SUSPENDE RECONOCIMIENTO FORMATOS DESIGNANDOLA MPE PARA LA INTERIOR,20230113,SINTETICO
20160415,GOBIERNO REGIONAL DE TACNA,RESOLUCION ADMINISTRATIVA,No 0204-2013-PUBL,DEJAN SIN EFECTO DELITO COSTO ENTRE COMERCIO DE LA GOBIERNO REGIONAL DE TACNA,20161201,SINTETICO
20160804,INSTITUCIONES EDUCATIVAS,DECRETO SUPREMO,No 7294-2014,MODIFICAN MARZO INCURRIDO SUPREMA DE LA INSTITUCIONES EDUCATIVAS,20130806,SINTETICO
20240309,SUPERINTENDENCIA NACIONAL DE MIGRACIONES,RESOLUCION ADMINISTRATIVA,No 1524-2015-DEPA,RESOLUCION ADMINISTRATIVA No 2296 - SUPERINTENDENCIA NACIONAL DE MIGRACIONES - DECLARAN LABORAL,20140208,SINTETICO
20200918,COMISION NACIONAL PARA EL DESARROLLO Y VIDA SIN DROGAS,RESOLUCION MINISTERIAL,No 0209-2016-FISC,APRUEBAN ALTERNO PROGRESO DE LA COMISION NACIONAL PARA EL DESARROLLO Y V,20211221,SINTETICO
20140405,MUNICIPALIDAD PROVINCIAL DE CAnETE,ORDENANZA,No 008-2104-MPC,Establecen mecanismos de proteccion que prohibe el acceso de menores de edad a paginas Web de contenido pornografico en las cabinas publicas de Internet,20220331,REAL
20210730,MUNICIPALIDAD DE ATE,DECRETO DE ALCALDIA,No 017,Prorrogan vigencia de la Ordenanza No 549-MDA que establece el beneficio de condonacion de deuda tributaria e intereses generados por la omision de la presentacion y/o rectificacion de la declaracion jurada del Impuesto Predial para personas naturales cuyo uso de predio este destinado a casa habitacion terreno sin construir y/o comercios,20220331,REAL
20141221,PRESIDENCIA DEL CONSEJO DE MINISTROS,RESOLUCION,No 9601-2022-DIVE,SE INCORPORA CENTRAL NORTE BASE PARA LA PRESIDENCIA DEL CONSEJO DE MINISTROS,20170626,SINTETICO
20231225,SUPERINTENDENCIA DE BANCA  SEGUROS Y ADMINISTRADORAS PRIVADAS DE FONDOS DE PENSIONES,RESOLUCION,No 2394-2014-ACEP,RESOLUCION QUE ESTABLECE DESCUENTO ADUANAS DE SUPERINTENDENCIA DE BANCA  SEGUROS Y ADM,20141202,SINTETICO
20130425,FONDO NACIONAL DE FINANCIAMIENTO DE LA ACTIVIDAD EMPRESARIAL DEL ESTADO,RESOLUCION MINISTERIAL,No 3646-2024-FISC,DISPONEN COMPLEMENTARIOS INCENTIVO RESPECTO A LA FONDO NACIONAL DE FINANCIAMIENTO DE LA A,20141027,SINTETICO
20140430,MINISTERIO PUBLICO,RESOLUCION,No 1513-2014-MP-FN,Aceptan renuncias dan por concluidas designaciones y nombramientos designan y nombran fiscales en diversos Distritos Judiciales,20220331,REAL
20200708,TRANSPORTES Y COMUNICACIONES,RESOLUCION MINISTERIAL,No 0371-2020-MTC/01,Aprueban transferencia financiera a favor de la Municipalidad Metropolitana de Lima para financiar actividades orientadas a brindar el servicio de transporte en condiciones de salubridad asi como para fomentar medios alternativos de transporte,20220331,REAL
20241024,ECONOMIA Y FINANZAS,RESOLUCION,No 9710-2018-PROV,RESOLUCION No 7030 - ECONOMIA Y FINANZAS - SANEAMIENTO MAS CONFORMACION FACTOR,20150618,SINTETICO
20211021,TRANSPORTES Y COMUNICACIONES,RESOLUCION SUPREMA,No 5510-2017-FISC,RESOLUCION SUPREMA QUE MODIFICA ADULTO METODOLOGIA INTEGRIDAD DE LA TRANSPORTES Y COMUNICACIONES,20140807,SINTETICO
20161117,MUNICIPALIDAD DE PUNTA HERMOSA,DECRETO DE ALCALDIA,No 005-2016-MDPH,Aprueban Cronograma de Actividades del Proceso Electoral de Eleccion de Representantes de la Sociedad Civil ante el Consejo de Coordinacion Local del Distrito y designan Comite Electoral,20220331,REAL
20181113,JURADO NACIONAL DE ELECCIONES,RESOLUCION,No 1544-2018-JNE,Confirman resolucion que declaro improcedente solicitud de inscripcion de lista de candidatos para el Concejo Distrital de Acochaca provincia de Asuncion departamento de ancash,20220331,REAL
20200123,DECRETOS DE URGENCIA,DECRETO DE URGENCIA,No 014-2020,Decreto de Urgencia que regula disposiciones generales necesarias para la negociacion colectiva en el Sector Publico,20220331,REAL
20240603,TRANSPORTES Y COMUNICACIONES,RESOLUCION MINISTERIAL,No 3810-2017-REGI,RESOLUCION MINISTERIAL QUE APRUEBA BELGICA EDUCATIVOS SERVIDORES LICENCIA DEL TRANSPORTES Y COMUNICACIONES,20230425,SINTETICO
20230722,SALUD,RESOLUCION,No 110-2023-PRONIS-CG,Designan Asesora de la Unidad de Administracion y Finanzas del Programa Nacional de Inversiones en Salud,20231231,REAL
20191016,SUPERINTENDENCIA DE TRANSPORTE TERRESTRE DE PERSONAS  CARGA Y MERCANCIAS,RESOLUCION,No 5049-2022-PERU,RESOLUCION QUE MODIFICA DIA CUERPO DE LA SUPERINTENDENCIA DE TRANSPORTE TERRESTRE,20131031,SINTETICO
20250106,RELACIONES EXTERIORES,ORDENANZA,No 7169-2015,DISPONEN PROCURADURIA COMUNIDADES RESPECTO A LA RELACIONES EXTERIORES,20180902,SINTETICO
20241127,SUPERINTENDENCIA NACIONAL DE SALUD,ACUERDO,No 3245-2014,DISPONEN PERSONA INDIGENAS RESPECTO A LA SUPERINTENDENCIA NACIONAL DE SALUD,20140712,SINTETICO
20180819,SALUD,RESOLUCION JEFATURAL,No 1831-2013-NOMB,DESIGNAN ECONOMIA TACHA CALCULO EN LA SALUD,20241105,SINTETICO
20191215,INTERIOR,RESOLUCION MINISTERIAL,No 6305-2020-APRU,RESOLUCION MINISTERIAL QUE DEROGA ELECTORES MARCOS SUSPENDEN DE INTERIOR,20181202,SINTETICO
20151112,RELACIONES EXTERIORES,RESOLUCION MINISTERIAL,No 1008/RE-2015,Disponen la publicacion un resumen de los parrafos sustantivos de las partes considerativa y resolutiva de la Resolucion 2244 (2015) del Consejo de Seguridad de las Naciones Unidas referida a la situacion en Somalia,20220331,REAL
20131107,JURADO NACIONAL DE ELECCIONES,RESOLUCION MINISTERIAL,No 2093-2019-DECL,RESOLUCION MINISTERIAL QUE ESTABLECE PRESIDENTA CORPORACION INVESTIGACION ESTACIONAMIENTO EN MATERIA DE JURADO NACIONAL DE ELECCIONES,20240110,SINTETICO
20151128,TRANSPORTES Y COMUNICACIONES,ACUERDO,No 1609-2023,ACUERDO QUE REGULA SANTO TURNO A CARGO DE LA TRANSPORTES Y COMUNICACIONES,20160407,SINTETICO
20240219,CONGRESO DE LA REPUBLICA,RESOLUCION,No 3374-2022-REGL,RESOLUCION QUE ASIGNA DIRECTORAL PLANEAMIENTO ORGANICA MEJORAMIENTO DE CONGRESO DE LA REPUBLICA,20230813,SINTETICO
20141001,SALUD,FE DE ERRATA,Anexo - D.S. No 026-2014-SA,FE DE ERRATA,20220331,REAL
20151102,AGRICULTURA Y RIEGO,RESOLUCION,No 2882-2018-INSC,CREAN PENSIONES REFERIDO PROHIBE HOC EN EL AMBITO DE LA AGRICULTURA Y RIEGO,20220117,SINTETICO
20221019,DESARROLLO AGRARIO Y RIEGO,FE DE ERRATA,No 0054-2014,FE DE ERRATA QUE DEROGA URBANISMO EMBARCACIONES MULTAS ACTO EMITIDO POR LA DESARROLLO AGRARIO Y RIEGO,20210518,SINTETICO
20180506,COMERCIO EXTERIOR Y TURISMO,RESOLUCION MINISTERIAL,No 155-2018-MINCETUR,Autorizan viaje de representantes de PROMPERu a Colombia en comision de servicios,20220331,REAL
20210802,RELACIONES EXTERIORES,LEY,No 0023-2022,LEY QUE ESTABLECE PEDAGOGICA CONCLUIDOS EN MATERIA DE RELACIONES EXTERIORES,20221218,SINTETICO
20201114,EDUCACION,RESOLUCION MINISTERIAL,No 1085-2025-LIMA,CREAN MENSUAL RIO OBRAS VILLARREAL EN EL AMBITO DE LA EDUCACION,20190228,SINTETICO
20160605,CORTES SUPERIORES DE JUSTICIA,RESOLUCION ADMINISTRATIVA,No 170-2016-P-CSJV/PJ,Disponen conformacion de la Sala Mixta Permanente de Ventanilla,20220331,REAL
20130623,GOBIERNO REGIONAL DE TACNA,ACUERDO,No 057-2013-CR/GOB.REG.TACNA,Aprueban transferencias financieras a favor de las Municipalidades Distritales de Quilahuani Tarucachi y Susapaya y de la Municipalidad Provincial de Candarave para la ejecucion de proyectos de inversion publica,20220331,REAL
20150809,INSTITUTO NACIONAL DE DEFENSA DE LA COMPETENCIA Y DE LA PROTECCION DE LA PROPIEDAD INTELECTUAL,RESOLUCION,No 8760-2015-DAN,RESOLUCION No 3070 - INSTITUTO NACIONAL DE DEFENSA DE LA COMP - JARDINES SUPERNUMERARIOS,20170521,SINTETICO
20240313,DEFENSA,DECRETO SUPREMO,No 7326-2021,MODIFICAN PREPUBLICACION PADRON OFICINAS DE LA DEFENSA,20150204,SINTETICO
20240127,VIVIENDA  CONSTRUCCIoN Y SANEAMIENTO,DECRETO SUPREMO,No 002-2024-VIVIENDA,Decreto Supremo que aprueba la cartera de proyectos de inversion a ser ejecutados por el Ministerio de Vivienda Construccion y Saneamiento mediante la modalidad de nucleo ejecutor en el marco de la Tercera Disposicion Complementaria Transitoria de la Ley No 31015,20240131,REAL
20250423,MUNICIPALIDAD PROVINCIAL DE HUALGAYOC,DECRETO DE ALCALDIA,No 5761-2018,DECRETO DE ALCALDIA QUE APRUEBA CONTRATACION VACANCIA SUPREMO MEDIANTE DEL MUNICIPALIDAD PROVINCIAL DE HUALGAYOC,20150322,SINTETICO
20180528,MINISTERIO PUBLICO,RESOLUCION SUPREMA,No 9538-2020-REGI,RESOLUCION SUPREMA QUE REGULA REGULAR ABRIL INSCRIPCION EMISION A CARGO DE LA MINISTERIO PUBLICO,20140214,SINTETICO
20130105,SALUD,ORDENANZA,No 4972-2024,ORDENANZA QUE REGULA GENERO MUNICIPAL ORGANISMO JUAN A CARGO DE LA SALUD,20230612,SINTETICO
20170609,INTERIOR,RESOLUCION JEFATURAL,No 4914-2025-SUPR,RESOLUCION JEFATURAL QUE MODIFICA DERECHOS FOMENTO INTERCONEXION DE LA INTERIOR,20240808,SINTETICO
20160715,SALUD,RESOLUCION MINISTERIAL,No 491-2016/MINSA,Disponen la publicacion del Proyecto de Reglamento del Decreto Legislativo No 1222 que optimiza los procedimientos administrativos y fortalece el control sanitario y la inocuidad de los alimentos industrializados y productos pesqueros y acuicolas en el portal institucional del Ministerio de Salud,20220331,REAL
20200728,CONSEJO NACIONAL DE CIENCIA  TECNOLOGIA E INNOVACION TECNOLOGICA,RESOLUCION,No 079-2020-CONCYTEC-P,Designan temporalmente Responsable de entregar la informacion publica solicitada al CONCYTEC,20220331,REAL
20220907,JURADO NACIONAL DE ELECCIONES,RESOLUCION,No 2647-2021-JNE,Confirman la Resolucion No 00477-2022-JEE-CALL/JNE,20221231,REAL
20190907,SALUD,SENTENCIA,No 9620-2015,SENTENCIA QUE REGULA PARTES CIENTIFICA A CARGO DE LA SALUD,20180709,SINTETICO
20240528,SUPERINTENDENCIA NACIONAL DE FISCALIZACION LABORAL,RESOLUCION DIRECTORAL,No 9116-2018-NOMB,CREAN INFORMACION TERRENO BAJOS EN EL AMBITO DE LA SUPERINTENDENCIA NACIONAL DE FISCALIZACI,20130723,SINTETICO
20210516,MINISTERIO PUBLICO,RESOLUCION SUPREMA,No 5510-2023-SERV,CREAN METRO RENDICION JURISDICCIONALES EN EL AMBITO DE LA MINISTERIO PUBLICO,20250307,SINTETICO
20230628,GOBIERNO REGIONAL DE MOQUEGUA,RESOLUCION MINISTERIAL,No 1773-2015-ACEP,SE REGULA SERFOR REDUCCION PARA LA GOBIERNO REGIONAL DE MOQUEGUA,20241025,SINTETICO
20181019,INSTITUCIONES EDUCATIVAS,RESOLUCION,No 1572-2018,Autorizan viajes de docentes de la Universidad Nacional de San Agustin de Arequipa a Canada y la India en comision de servicios,20220331,REAL
20240401,AUTORIDAD DE TRANSPORTE URBANO PARA LIMA Y CALLAO,RESOLUCION SUPREMA,No 4414-2015-DIVE,RESOLUCION SUPREMA QUE MODIFICA GESTION CHORRILLOS DATOS INDIGENAS DE LA AUTORIDAD DE TRANSPORTE URBANO PARA LIMA,20220619,SINTETICO
20161007,MINISTERIO PUBLICO,RESOLUCION,No 4257-2016-MP-FN,Nombran fiscales en los Distritos Fiscales de Ayacucho Huancavelica Lima Loreto y Ventanilla,20220331,REAL
20130201,SUPERINTENDENCIA DE BANCA  SEGUROS Y ADMINISTRADORAS PRIVADAS DE FONDOS DE PENSIONES,RESOLUCION,No 6501-2023-MUNI,RESOLUCION QUE APRUEBA PERSONALIDAD FUNDADO DEL SUPERINTENDENCIA DE BANCA  SEGUROS Y ADM,20220505,SINTETICO
20140429,CONSEJO EJECUTIVO DEL PODER JUDICIAL,RESOLUCION ADMINISTRATIVA,No 135-2014-CE-PJ,Designan Juez del Primer Juzgado Penal Nacional de la Corte Superior de Justicia de Lima,20220331,REAL
20180712,JUSTICIA Y DERECHOS HUMANOS,RESOLUCION SUPREMA,No 136-2018-JUS,Acceden a solicitudes de extradicion activa de ciudadanos peruanos y disponen su presentacion por via diplomatica a Espana y Argentina,20220331,REAL
20170525,SALUD,RESOLUCION JEFATURAL,No 7410-2020-ACEP,RESOLUCION JEFATURAL QUE DEROGA FUNDADO ITALIA REFERIDO IRLANDA EMITIDO POR LA SALUD,20241208,SINTETICO
20230118,PRODUCE,RESOLUCION ADMINISTRATIVA,No 0342-2023-SAN,DESIGNAN CLIMATICO MINAS REGULAR EN LA PRODUCE,20220715,SINTETICO
20171128,MINISTERIO PUBLICO,RESOLUCION,No 4323-2017-MP-FN,Dan por concluidos nombramiento y designaciones designan y nombran fiscales en los Distritos Fiscales del Cusco Lambayeque San Martin Amazonas Ayacucho y Junin,20220331,REAL
20170504,GOBIERNO REGIONAL DE LAMBAYEQUE,RESOLUCION SUPREMA,No 4641-2024-SAN,RESOLUCION SUPREMA QUE REGULA CARGOS INICIO PREVENIR A CARGO DE LA GOBIERNO REGIONAL DE LAMBAYEQUE,20180418,SINTETICO
20160710,AUTORIDAD DE TRANSPORTE URBANO PARA LIMA Y CALLAO,SEPARATA ESPECIAL,No 7611-2022,SEPARATA ESPECIAL No 6020 - AUTORIDAD DE TRANSPORTE URBANO PARA LIMA - CONFORMAN INDICES FRENTE,20250202,SINTETICO
20141206,DESARROLLO E INCLUSION SOCIAL,ORDENANZA,No 4800-2021,ORDENANZA QUE PRORROGA MIEMBRO BRENA DE DESARROLLO E INCLUSION SOCIAL,20131225,SINTETICO
20170601,INSTITUCIONES EDUCATIVAS,RESOLUCION,No 1702-CU-2017,Otorgan duplicados de diplomas otorgados por la Universidad Nacional del Centro del Peru,20220331,REAL
20220326,MUNICIPALIDAD DE PUCUSANA,RESOLUCION,No 5071-2025-TRAN,RESOLUCION QUE MODIFICA TURNO ALTO ARRENDAMIENTO DE LA MUNICIPALIDAD DE PUCUSANA,20170913,SINTETICO
20250331,DESARROLLO E INCLUSIoN SOCIAL,RESOLUCION,No 9759-2014-PERU,DISPONEN FINAL ANOS SUPLEMENTARIO VECINALES RESPECTO A LA DESARROLLO E INCLUSIoN SOCIAL,20160723,SINTETICO
20200219,JUSTICIA Y DERECHOS HUMANOS,RESOLUCION MINISTERIAL,No 0066-2020-JUS,Designan Asesor II del Despacho Ministerial,20220331,REAL
20221020,DESARROLLO E INCLUSION SOCIAL,RESOLUCION JEFATURAL,No 3525-2013-MINI,RESOLUCION JEFATURAL QUE MODIFICA RECONSIDERACION ROSA SEGREGACION ENCARGAN DE LA DESARROLLO E INCLUSION SOCIAL,20151204,SINTETICO
20200501,ORGANISMO SUPERVISOR DE LA INVERSIoN EN ENERGiA Y MINERiA,RESOLUCION,No 0360-2023-VIAJ,RESOLUCION QUE DEROGA ALTERNO LEY EMITIDO POR LA ORGANISMO SUPERVISOR DE LA INVERSIoN EN ,20150528,SINTETICO
20160503,OFICINA NACIONAL DE GOBIERNO INTERIOR,RESOLUCION MINISTERIAL,No 7150-2022-DIST,SE AUTORIZA INMINENTE AGRICOLA PARA LA OFICINA NACIONAL DE GOBIERNO INTERIOR,20130717,SINTETICO
20250711,TRABAJO Y PROMOCION DEL EMPLEO,RESOLUCION,No 0880-2020-LIMA,DESIGNAN CONSTITUCIONAL PRODUCCION EN LA TRABAJO Y PROMOCION DEL EMPLEO,20220328,SINTETICO
20210423,COMERCIO EXTERIOR Y TURISMO,RESOLUCION MINISTERIAL,No 058-2021-MINCETUR,Modifican la R.M. No 293-2017-MINCETUR que aprobo a Maragogi S.A.C. como empresa calificada para efecto del D. Leg. No 973 por el desarrollo de proyecto de inversion,20220331,REAL
20190523,CONSEJO EJECUTIVO DEL PODER JUDICIAL,RESOLUCION JEFATURAL,No 0751-2015-MODI,DISPONEN DIFUSION EDUCACION RESPECTO A LA CONSEJO EJECUTIVO DEL PODER JUDICIAL,20220211,SINTETICO
20210423,MUNICIPALIDAD DE SANTA ROSA,LEY,No 9145-2025,DEJAN SIN EFECTO RECONOCE ALTERNOS DE LA MUNICIPALIDAD DE SANTA ROSA,20190623,SINTETICO
20160708,PRESIDENCIA DEL CONSEJO DE MINISTROS,RESOLUCION,No 9237-2017-RESO,AUTORIZAN HERMOSA NOMBRAMIENTO VENTANILLA UBICACION A LA PRESIDENCIA DEL CONSEJO DE MINISTROS,20221020,SINTETICO
20140629,DEFENSA,RESOLUCION,No 5363-2019-DESI,RESOLUCION QUE DEROGA PORRES LEG LAVADO EMITIDO POR LA DEFENSA,20250803,SINTETICO
20210808,PRESIDENCIA DEL CONSEJO DE MINISTROS,RESOLUCION MINISTERIAL,No 4659-2018-DIST,APRUEBAN CERTIFICACION FONDOS ALTO EFECTUAR DE LA PRESIDENCIA DEL CONSEJO DE MINISTROS,20140527,SINTETICO
20250327,INSTITUTO NACIONAL DE DEFENSA DE LA COMPETENCIA Y DE LA PROTECCION DE LA PROPIEDAD INTELECTUAL,RESOLUCION,No 3107-2014-SUPR,DEJAN SIN EFECTO DISOLUCION SERVIDORA DISPUESTO DE LA INSTITUTO NACIONAL DE DEFENSA DE LA COMP,20130619,SINTETICO
20160109,MUNICIPALIDAD DE MAGDALENA DEL MAR,RESOLUCION JEFATURAL,No 0692-2025-SUPE,RESOLUCION JEFATURAL QUE MODIFICA NACIONALES MATERIA CAPACIDADES DE LA MUNICIPALIDAD DE MAGDALENA DEL MAR,20190914,SINTETICO
20150210,SALUD,RESOLUCION MINISTERIAL,No 074-2015-/MINSA,Designan Directora Ejecutiva de la Oficina de Logistica de la Oficina General de Administracion del Ministerio de Salud,20220331,REAL
20251226,CONSEJO EJECUTIVO DEL PODER JUDICIAL,RESOLUCION DIRECTORAL,No 3400-2021-SUPR,RESOLUCION DIRECTORAL QUE DEROGA ADICIONALES DIRECTO SUBPREFECTOS PROTEGIDAS EMITIDO POR LA CONSEJO EJECUTIVO DEL PODER JUDICIAL,20160818,SINTETICO
20230504,RELACIONES EXTERIORES,DECRETO SUPREMO,No 3833-2019,DECRETO SUPREMO QUE DEROGA MERCADOS INGEMMET MAXIMO DELEGACION EMITIDO POR LA RELACIONES EXTERIORES,20190915,SINTETICO
20211016,MUNICIPALIDAD DE MI PERU,ORDENANZA,No 073/MDMP,Ordenanza que exonera el pago de la tasa municipal por tramites de licencia municipal tramites administrativos autorizaciones derechos y otros a favor del Gobierno Regional del Callao respecto a los proyectos de inversion publica a ejecutar en el distrito de Mi Peru,20220331,REAL
20191026,TRANSPORTES Y COMUNICACIONES,RESOLUCION MINISTERIAL,No 971-2019-MTC/01,Autorizan Transferencia Financiera a favor de la Organizacion de Aviacion Civil Internacional (OACI),20220331,REAL
20241229,RELACIONES EXTERIORES,ORDENANZA,No 1093-2019,DESIGNAN SUSCRIPCION PIURA PROYECTO SURQUILLO EN LA RELACIONES EXTERIORES,20180626,SINTETICO
20160526,INSTITUCIONES EDUCATIVAS,RESOLUCION,No CU-0101-2016-UNSAAC/,Otorgan duplicado del Diploma del Grado Academico de Bachiller en Farmacia y Bioquimica expedido por la Universidad Nacional San Antonio Abad del Cusco,20220331,REAL
20140818,AGRICULTURA Y RIEGO,RESOLUCION,No 1111-2020-LIMA,RESOLUCION QUE APRUEBA TRIBUTOS COMENTARIOS PORTUARIO BAJOS DEL AGRICULTURA Y RIEGO,20190406,SINTETICO
20160901,EDUCACION,RESOLUCION MINISTERIAL,No 404-2016-MINEDU,Aprueban el reordenamiento del Cuadro para Asignacion de Personal Provisional de la Direccion Regional de Educacion de Lima Metropolitana y de las Unidades de Gestion Educativa Local de Lima Metropolitana,20220331,REAL
20181111,SALUD,RESOLUCION,No 9728-2013-REGI,DISPONEN FORESTAL JUNTOS DERECHO JUDICIAL RESPECTO A LA SALUD,20220215,SINTETICO
20160628,MINISTERIO PUBLICO,RESOLUCION MINISTERIAL,No 6374-2016-LIMA,RESOLUCION MINISTERIAL QUE MODIFICA PENSION PRECIPITACIONES DE LA MINISTERIO PUBLICO,20250202,SINTETICO
20140929,PRESIDENCIA DEL CONSEJO DE MINISTROS,RESOLUCION SUPREMA,No 4587-2014-ACEP,DESIGNAN ILICITO CUENTA AMAZONAS EN LA PRESIDENCIA DEL CONSEJO DE MINISTROS,20190419,SINTETICO
20140830,DESARROLLO E INCLUSION SOCIAL,RESOLUCION JEFATURAL,No 6956-2020-DIST,MODIFICAN EXCEPCIONAL METRO DE LA DESARROLLO E INCLUSION SOCIAL,20210717,SINTETICO
20190911,SEGURO INTEGRAL DE SALUD,RESOLUCION,No 7360-2021-SUPE,AUTORIZAN CUENTA COMPRA A LA SEGURO INTEGRAL DE SALUD,20191125,SINTETICO
20150201,ENERGIA Y MINAS,RESOLUCION MINISTERIAL,No 028-2015-MEM/DM,Imponen servidumbre permanente de electroducto para la Linea de Transmision de 220 kV S.E. Cotaruse - S.E. Las Bambas ubicada en el departamento de Apurimac a favor de concesion definitiva de transmision de energia electrica de la que es titular ATN 2 S.A.,20220331,REAL
20241126,TRANSPORTES Y COMUNICACIONES,RESOLUCION MINISTERIAL,No 683-2024-MTC/01.02,Autorizan viaje de inspector de la DirecciÃ³n General de AeronÃ¡utica Civil a los Estados Unidos de AmÃ©rica en comisiÃ³n de servicios,20241130,REAL
20240531,INSTITUCIONES EDUCATIVAS,RESOLUCION,No 3542-2019-RESO,DEJAN SIN EFECTO SALUD ELECTORALES INTERVENCION DE LA INSTITUCIONES EDUCATIVAS,20161005,SINTETICO
20160125,CONGRESO DE LA REPUBLICA,FE DE ERRATA,No 0529-2022,FE DE ERRATA QUE APRUEBA TECNICO UNION MERITO FINALIDAD DEL CONGRESO DE LA REPUBLICA,20201116,SINTETICO
20161215,TRANSPORTES Y COMUNICACIONES,RESOLUCION DE ALCALDIA,No 8352-2019-NOMB,DEJAN SIN EFECTO MUEBLES MOTORIZADOS HERMOSA ACUICULTURA DE LA TRANSPORTES Y COMUNICACIONES,20250303,SINTETICO
20150207,SALUD,RESOLUCION MINISTERIAL,No 069-2015/MINSA,Designan Director General de la Oficina General de Administracion del Ministerio de Salud,20220331,REAL
20150623,SEGURO INTEGRAL DE SALUD,RESOLUCION JEFATURAL,No 132-2015/SIS,Aprueban Directiva Administrativa que regula los Procedimientos para el Traslado de Emergencia de los Asegurados al Seguro Integral de Salud,20220331,REAL
20230603,CORTES SUPERIORES DE JUSTICIA,RESOLUCION,No 1640-2017-TRAN,RESOLUCION QUE MODIFICA DANIEL NACIONALES TODO BASES DE LA CORTES SUPERIORES DE JUSTICIA,20230106,SINTETICO
20220819,TRANSPORTES Y COMUNICACIONES,RESOLUCION MINISTERIAL,No 710-2022-MTC/01.03,Otorgan a la empresa VIRUSPRESS S.A.C. concesion unica para la prestacion de servicios publicos de telecomunicaciones en area que comprende todo el territorio nacional,20221231,REAL
20231223,TRANSPORTES Y COMUNICACIONES,RESOLUCION SUPREMA,No 1028-2025-COMI,RESOLUCION SUPREMA QUE APRUEBA PERUANA ELECTORALES PREDIOS DEL TRANSPORTES Y COMUNICACIONES,20150302,SINTETICO
20240710,MUNICIPALIDAD DE LA MOLINA,RESOLUCION MINISTERIAL,No 7359-2024-OFIC,MODIFICAN FIJA MDS DE LA MUNICIPALIDAD DE LA MOLINA,20130729,SINTETICO
20131202,JURADO NACIONAL DE ELECCIONES,ORDENANZA,No 7744-2017,ORDENANZA QUE DEROGA LOCALIDADES BASADRE PROPUESTA DE JURADO NACIONAL DE ELECCIONES,20180816,SINTETICO
20171019,CULTURA,RESOLUCION MINISTERIAL,No 407-2017-MC,Designan Director de la Direccion Desconcentrada de Cultura de Cajamarca,20220331,REAL
20200116,GOBIERNO REGIONAL DE AREQUIPA,RESOLUCION MINISTERIAL,No 3742-2021-FAVO,SE PRORROGA ENMIENDA OFERTA HUANCAVELICA PARA LA GOBIERNO REGIONAL DE AREQUIPA,20130101,SINTETICO
20140730,MUJER Y POBLACIONES VULNERABLES,RESOLUCION,No 3570-2019-SUPR,DISPONEN AUTOPISTA INGEMMET RESPECTO A LA MUJER Y POBLACIONES VULNERABLES,20140423,SINTETICO
20201108,TRANSPORTES Y COMUNICACIONES,RESOLUCION ADMINISTRATIVA,No 0802-2018-ACEP,RESOLUCION ADMINISTRATIVA QUE REGULA ENMIENDA JUNTAS A CARGO DE LA TRANSPORTES Y COMUNICACIONES,20251223,SINTETICO
20211101,INSTITUCIONES EDUCATIVAS,ORDENANZA,No 7662-2018,CREAN CONVENIO FORTALECIMIENTO PERSONAL EN EL AMBITO DE LA INSTITUCIONES EDUCATIVAS,20130501,SINTETICO
20221103,DEFENSA,RESOLUCION,No 9846-2015-DECR,MODIFICAN VISITAS FOMENTO EXTERIOR CONOCIMIENTO DE LA DEFENSA,20171201,SINTETICO
20160617,MINISTERIO PUBLICO,RESOLUCION,No 6966-2023-PROV,DESIGNAN VERSION ELECTRONICOS EN LA MINISTERIO PUBLICO,20200514,SINTETICO
20210612,EDUCACION,RESOLUCION MINISTERIAL,No 6673-2016-ORDE,AUTORIZAN CONOCIMIENTO AGUSTINO A LA EDUCACION,20190117,SINTETICO
20221216,MINISTERIO PUBLICO,RESOLUCION,No 2684-2022-MP-FN,Nombran Fiscal Provincial Provisional del Distrito Fiscal de Apurimac designandolo en el Despacho de la Fiscalia Provincial Penal Corporativa de Chincheros,20221231,REAL
